都道府県コード又は市区町村コード,NO,都道府県名,市区町村名,名称,名称_カナ,医療機関の種類,住所,方書,緯度,経度,電話番号,内線番号,FAX番号,法人番号,法人の名称,医療機関コード,診療曜日,診療開始時間,診療終了時間,診療日時特記事項,時間外における対応,診療科目,病床数,URL,備考
131148,1,東京都,中野区,医療法人社団　健朗会　三五医院,イリョウホウジンシャダン　ケンロウカイ　サンゴイイン,無床診療所,東京都中野区南台2-6-8,,35.681717,139.671204,03-3381-0313,,,,,,,,,,,内科;神経内科,0,,
131148,2,東京都,中野区,白石医院,シライシイイン,有床診療所,東京都中野区南台2-18-10,,35.683224,139.671509,03-3384-5255,,,,,,,,,,,内科;皮膚科;小児科;精神科;外科;泌尿器科;整形外科;産婦人科,2,,
131148,3,東京都,中野区,医療法人社団　三峰会　宮下医院, イリョウホウジンシャダン　ミツミネカイ　ミヤシタイイン,無床診療所,東京都中野区南台2-24-12,,35.683605,139.671494,03-5385-3050,,,,,,,,,,,内科;小児科;外科,0,,
131148,4,東京都,中野区,医療法人社団　二人会　クリニカル南台,イリョウホウジンシャダン　フタリカイ　クリニカルミナミダイ,無床診療所,東京都中野区南台2-45-10,,35.685516,139.671539,03-3381-8681,,,,,,,,,,,皮膚科;小児科;外科;リハビリ科;麻酔科;呼吸器内科;循環器内科;消化器内科（胃腸内科）;糖尿病内科（代謝内科）;ペインクリニック,0,,
131148,5,東京都,中野区,整形外科峰岸クリニック,セイケイゲカミネギシクリニック,無床診療所,東京都中野区南台2-49-10,,35.686111,139.670364,03-3384-5947,,,,,,,,,,,整形外科;リハビリ科;麻酔科,0,,
131148,6,東京都,中野区,白川クリニック,シラカワクリニック,無床診療所,東京都中野区南台2-51-8,グランルージュ中野南台1階,35.685276,139.669266,03-6382-5011,,,,,,,,,,,内科;内視鏡内科;消化器科（胃腸内科）;外科;肛門外科,0,,
131148,7,東京都,中野区,医療法人社団　育寿会　高橋医院,イリョウホウジンシャダン　イクジュカイ　タカハシイイン,無床診療所,東京都中野区南台3-3-3,,35.684059,139.668777,03-3381-3238,,,,,,,,,,,内科;皮膚科;小児科;外科,0,,
131148,8,東京都,中野区,皮膚科こかじクリニック,ヒフカコカジクリニック,無床診療所,東京都中野区南台3-6-17,クリスタルコート88 1F,35.686096,139.668228,03-3383-5033,,,,,,,,,,,皮膚科;アレルギー科,0,,
131148,9,東京都,中野区,たまつ小児科医院,タマツショウニカイイン,無床診療所,東京都中野区南台3-15-5,岡山ビル1階,35.683754,139.667191,03-3380-0325,,,,,,,,,,,小児科,0,,
131148,10,東京都,中野区,医療法人社団　多田町診療所,イリョウホウジンシャダン　タダマチシンリョウジョ,無床診療所,東京都中野区南台3-33-5,,35.683548,139.666031,03-3381-3191,,,,,,,,,,,内科;呼吸器科;アレルギー科;小児科,0,,
131148,11,東京都,中野区,南台寺尾クリニック　内科・小児科,ミナミダイテラオクリニック　ナイカ・ショウニカ,無床診療所,東京都中野区南台3-37-27,シルクれじでんす1階,35.683651,139.665436,03-3381-7755,,,,,,,,,,,内科;小児科;循環器内科,0,,
131148,12,東京都,中野区,山田クリニック,ヤマダクリニック,無床診療所,東京都中野区南台5-32-2,,35.683525,139.659729,03-3381-5213,,,,,,,,,,,内科;消化器内科（胃腸内科）;外科,0,,
131148,13,東京都,中野区,やよい町こども医院,ヤヨイチョウコドモイイン,無床診療所,東京都中野区弥生町1-8-11,東京計量器中野坂上ビル1階,35.691647,139.681595,03-6300-4790,,,,,,,,,,,小児科;内科;アレルギー科,0,,
131148,14,東京都,中野区,医療法人社団　幸芳会　藤間産婦人科医院,イリョウホウジンシャダン　コウホウカイ　トウマサンフジンカイイン,無床診療所,東京都中野区弥生町1-17-1,1階及び2階,35.689487,139.68013,03-3372-5700,,,,,,,,,,,内科;小児科;産婦人科,0,,
131148,15,東京都,中野区,医療法人社団ソレイユ　平澤クリニック,イリョウホウジンシャダンソレイユ　ヒラサワクリニック,無床診療所,東京都中野区弥生町1-54-12,豊久ビル1階,35.691505,139.677872,03-5304-5790,,,,,,,,,,,内科;小児科;呼吸器内科;循環器内科;消化器内科（胃腸内科）,0,,
131148,16,東京都,中野区,田郷内科胃腸科医院,タゴウナイカイチョウカイイン,無床診療所,東京都中野区弥生町1-60-5,,35.692886,139.677277,03-3372-0717,,,,,,,,,,,内科;呼吸器科;循環器科;小児科;胃腸科,0,,
131148,17,東京都,中野区,医療法人社団　三心会　中野なおクリニック,イリョウホウジンシャダン　サンシンカイ　ナカノナオクリニック,無床診療所,東京都中野区弥生町2-4-9,ツナシマ第三ビル2F,35.691483,139.676712,03-6379-6021,,,,,,,,,,,内科;麻酔科;心臓血管外科;老年内科;緩和ケア内科,0,,
131148,18,東京都,中野区,医療法人社団心?会　大倉診療所,イリョウホウジンシャダン　シンイカイ　オオクラシンリョウジョ,無床診療所,東京都中野区弥生町2-12-4,さすらビル1階,35.692268,139.675293,03-5351-8388,,,,,,,,,,,漢方内科;精神科,0,,
131148,19,東京都,中野区,きむら眼科,キムラガンカ,無床診療所,東京都中野区弥生町2-12-9,,35.692554,139.675613,03-3370-4855,,,,,,,,,,,眼科,0,,
131148,20,東京都,中野区,溝口医院,ミゾグチイイン,無床診療所,東京都中野区弥生町2-12-9,,35.692554,139.675613,03-3372-0035,,,,,,,,,,,内科;皮膚科;小児科,0,,
131148,21,東京都,中野区,安藤皮フ科美容外科,アンドウヒフカビヨウゲカ,無床診療所,東京都中野区弥生町2-15-17,ニューライフアサヒ202号,35.691467,139.676071,03-5333-5156,,,,,,,,,,,皮膚科;美容外科;美容皮膚科,0,,
131148,22,東京都,中野区,はまだ耳鼻咽喉科,ハマダジビインコウカ,無床診療所,東京都中野区弥生町2-21-11,協和ビル五番館201,35.692497,139.675095,03-5304-7556,,,,,,,,,,,耳鼻咽喉科,0,,
131148,23,東京都,中野区,中島整形外科医院,ナカジマセイケイゲカイイン,無床診療所,東京都中野区弥生町2-22-12,,35.69268,139.67511,03-5351-0377,,,,,,,,,,,外科;整形外科;リハビリ科,0,,
131148,24,東京都,中野区,コスモメディカルクリニック,コスモメディカルクリニック,無床診療所,東京都中野区弥生町2-23-3,松屋ビル3階,35.692642,139.674347,03-6454-1545,,,,,,,,,,,皮膚科;アレルギー科;形成外科,0,,
131148,25,東京都,中野区,医療法人社団博和会　山本クリニック,イリョウホウジンシャダン　ハクワカイ　ヤマモトクリニック,無床診療所,東京都中野区弥生町3-26-3,,35.686501,139.672592,03-3372-0007,,,,,,,,,,,内科;小児科;外科;放射線科;消化器内科（胃腸内科）;呼吸器内科,0,,
131148,26,東京都,中野区,医療法人社団博和会　山本眼科クリニック,イリョウホウジンシャダン　ハクワカイ　ヤマモトガンカクリニック,無床診療所,東京都中野区弥生町3-26-3,3階,35.686501,139.672592,03-3372-6300,,,,,,,,,,,眼科,0,,
131148,27,東京都,中野区,社会医療法人社団健友会　川島診療所,シャカイイリョウホウジンシャダン　ケンユウカイ　カワシマシンリョウジョ,無床診療所,東京都中野区弥生町3-27-11,,35.687668,139.672424,03-3372-4438,,,,,,,,,,,内科;循環器内科;胃腸内科;外科;整形外科;歯科,0,,
131148,29,東京都,中野区,高野整形外科,タカノセイケイゲカ,無床診療所,東京都中野区弥生町4-18-7,1階･2階,35.687347,139.670822,03-3380-6700,,,,,,,,,,,整形外科;リハビリ科;リウマチ科,0,,
131148,30,東京都,中野区,柳田医院,ヤナギダイイン,無床診療所,東京都中野区弥生町4-36-13,,35.689953,139.670563,03-3381-4066,,,,,,,,,,,内科;小児科,0,,
131148,31,東京都,中野区,なかた皮フ科,ナカタヒフカ,無床診療所,東京都中野区弥生町5-3-4,,35.687035,139.666748,03-3382-4112,,,,,,,,,,,皮膚科;アレルギー科,0,,
131148,32,東京都,中野区,原クリニック,ハラクリニック,無床診療所,東京都中野区弥生町5-4-16,藤和中野弥生町コープ103,35.686546,139.667328,03-3381-2711,,,,,,,,,,,内科;外科;胃腸科,0,,
131148,33,東京都,中野区,やなだクリニック,ヤナダクリニック,無床診療所,東京都中野区弥生町6-2-20,弥生ハイツ101,35.686798,139.663193,03-5342-9511,,,,,,,,,,,内科;泌尿器科,0,,
131148,34,東京都,中野区,荘司医院,ソウジイイン,無床診療所,東京都中野区本町1-3-11,,35.692715,139.68309,03-3373-3335,,,,,,,,,,,内科;外科;泌尿器科;リハビリ科,0,,
131148,35,東京都,中野区,白石医院,シライシイイン,無床診療所,東京都中野区本町1-20-6,,35.694416,139.683792,03-3372-2434,,,,,,,,,,,内科;外科;整形外科,0,,
131148,36,東京都,中野区,医療法人社団康翔勝会　堤耳鼻咽喉科医院,イリョウホウジンシャダン　コウショウショウカイ　ツツミジビインコウカイイン,無床診療所,東京都中野区本町2-42-15,1階,35.695679,139.680603,03-3372-4701,,,,,,,,,,,耳鼻咽喉科,0,,
131148,37,東京都,中野区,医療法人社団仁友会　仁友クリニック,イリョウホウジンシャダン　ジンユウカイ　ジンユウクリニック,有床診療所,東京都中野区本町2-45-10,,35.69595,139.682159,03-3372-5121,,,,,,,,,,,内科;呼吸器科;アレルギー科;小児科,1,,
131148,38,東京都,中野区,弥生ファーストクリニック,ヤヨイファーストクリニック,無床診療所,東京都中野区本町2-46-1,サンブライトツインビル3F,35.695965,139.682465,03-3320-7211,,,,,,,,,,,内科;放射線科;消化器内科;循環器内科,0,,
131148,39,東京都,中野区,牧野産婦人科クリニック,マキノサンフジンカクリニック,無床診療所,東京都中野区本町2-46-1,サンブライトツインビル3F,35.695965,139.682465,03-5350-3521,,,,,,,,,,,産婦人科,0,,
131148,40,東京都,中野区,医療法人社団ＷＨＡ　さかうえ整形・形成外科クリニック,イリョウホウジンシャダンWHA　サカウエセイケイ・ケイセイゲカクリニック,無床診療所,東京都中野区本町2-46-1,中野坂上サンブライトツイン3階,35.695965,139.682465,03-5350-3570,,,,,,,,,,,内科;皮膚科;整形外科;形成外科;美容外科;リハビリ科,0,,
131148,41,東京都,中野区,上田眼科,ウエダガンカ,無床診療所,東京都中野区本町2-46-1,中野坂上サンブライトツイン3F,35.695965,139.682465,03-5350-3551,,,,,,,,,,,眼科,0,,
131148,42,東京都,中野区,ハートケア銀河クリニック,ハートケアギンガクリニック,無床診療所,東京都中野区本町2-50-12,フタバビル2F,35.697212,139.680069,03-5371-0909,,,,,,,,,,,内科;神経科;精神科;心療内科,0,,
131148,43,東京都,中野区,頴川医院,エガワイイン,無床診療所,東京都中野区本町2-52-6,,35.695961,139.678268,03-3372-2003,,,,,,,,,,,内科;小児科;産婦人科,0,,
131148,44,東京都,中野区,河崎外科胃腸科,カワサキゲカイチョウカ,無床診療所,東京都中野区本町3-7-5,,35.693493,139.677399,03-3372-0273,,,,,,,,,,,内科;消化器科（胃腸科）;皮膚科;小児科;肛門科;整形外科;放射線科;外科,0,,
131148,45,東京都,中野区,秋吉クリニック,アキヨシクリニック,無床診療所,東京都中野区本町3-20-22,,35.696007,139.675461,03-3378-1600,,,,,,,,,,,内科;循環器科,0,,
131148,46,東京都,中野区,医療法人社団　腎と水　新中野透析クリニック,イリョウホウジンシャダン　ジントミズ　シンナカノトウセキクリニック,無床診療所,東京都中野区本町3-23-3,新中野AM-Ⅰビル 1F,35.696239,139.674088,03-3370-8111,,,,,,,,,,,外科;リハビリテーション科;循環器内科;人工透析内科,0,,
131148,47,東京都,中野区,医療法人社団　統合医療会ナガヤメディカルクリニック,イリョウホウジンシャダン　トウゴウイリョウカイ　ナガヤメディカルクリニック,無床診療所,東京都中野区本町3-29-10,ヴェルディ中野201,35.697517,139.677185,03-5333-4086,,,,,,,,,,,内科;皮膚科;外科;呼吸器科;小児科,0,,旧診療科目：内科;皮膚科;アレルギー科;外科;形成外科;美容外科;呼吸器科;消化器科（胃腸科）
131148,48,東京都,中野区,中野坂上クリニック,ナカノサカウエクリニック,無床診療所,東京都中野区本町3-29-15,MMビル2A,35.697392,139.677856,03-3372-2161,,,,,,,,,,,形成外科;美容外科,0,,
131148,49,東京都,中野区,医療法人社団　慈尚会　やまもと消化器内科クリニック,イリョウホウジンシャダン　ジショウカイ　ヤマモトショウカキナイカクリニック,無床診療所,東京都中野区本町3-31-7,プレジールS 1階,35.697403,139.675858,03-5304-1195,,,,,,,,,,,内科;皮膚科;外科;リハビリテーション科;消化器内科（胃腸内科）,0,,
131148,50,東京都,中野区,寺田内科医院,テラダナイカイイン,無床診療所,東京都中野区本町3-32-22,東ビル2F,35.697578,139.675674,03-3372-8266,,,,,,,,,,,内科;皮膚科,0,,
131148,51,東京都,中野区,重光クリニック,シゲミツクリニック,無床診療所,東京都中野区本町4-1-2,,35.69408,139.674042,03-6385-0242,,,,,,,,,,,内科;外科;肛門科;胃腸科,0,,
131148,52,東京都,中野区,医療法人社団誠船會　船戸耳鼻咽喉科医院,イリョウホウジンシャダン　セイセンカイ　フナトジビインコウカイイン,無床診療所,東京都中野区本町4-21-11,,35.697182,139.67131,03-3381-0716,,,,,,,,,,,耳鼻咽喉科,0,,
131148,53,東京都,中野区,本郷診療所,ホンゴウシンリョウジョ,無床診療所,東京都中野区本町4-26-2,,35.694122,139.670609,03-3381-5456,,,,,,,,,,,内科,0,,
131148,54,東京都,中野区,やまぎしこどもクリニック,ヤマギシコドモクリニック,無床診療所,東京都中野区本町4-45-9,ユニバーサルスクエア新中野2階,35.697361,139.669128,03-3382-2525,,,,,,,,,,,小児科,0,,
131148,55,東京都,中野区,医療法人社団広士会　新中野耳鼻咽喉科クリニック,イリョウホウジンシャダン　コウシカイ　シンナカノジビインコウカクリニック,無床診療所,東京都中野区本町4-45-9,ユニバーサルスクエア新中野3階,35.697361,139.669128,03-5342-2587,,,,,,,,,,,耳鼻いんこう科;漢方内科,0,,
131148,56,東京都,中野区,新中野内科クリニック,シンナカノナイカクリニック,無床診療所,東京都中野区本町4-45-9,ユニバーサルスクエア新中野4階,35.697361,139.669128,03-6382-5270,,,,,,,,,,,内科;消化器内科（胃腸内科）,0,,
131148,57,東京都,中野区,すずむら眼科,スズムラガンカ,無床診療所,東京都中野区本町4-48-17,新中野駅上プラザ 904号,35.697121,139.667877,03-3382-1109,,,,,,,,,,,眼科,0,,
131148,58,東京都,中野区,医療法人社団　なかむら整形外科,イリョウホウジンシャダン　ナカムラセイケイゲカ,無床診療所,東京都中野区本町4-48-21,1F,35.696804,139.668152,03-5341-3500,,,,,,,,,,,整形外科;リハビリテーション科,0,,
131148,59,東京都,中野区,医療法人社団千房会　新中野女性クリニック,イリョウホウジンシャダン　センホウカイ　シンナカノジョセイクリニック,有床診療所,東京都中野区本町4-48-23,1階･2階･3階,35.69677,139.668533,03-3384-3281,,,,,,,,,,,小児科;産科;婦人科,11,,
131148,60,東京都,中野区,オカトミクリニック,オカトミクリニック,無床診療所,東京都中野区本町5-35-8,,35.693802,139.668274,03-3381-0563,,,,,,,,,,,内科;小児科;産婦人科,0,,
131148,61,東京都,中野区,医療法人社団　中村診療所,イリョウホウジンシャダン　ナカムラシンリョウジョ,無床診療所,東京都中野区本町5-39-2,,35.69199,139.668594,03-3381-3797,,,,,,,,,,,内科,0,,
131148,62,東京都,中野区,中野診療所,ナカノシンリョウジョ,無床診療所,東京都中野区本町6-12-13,,35.694855,139.667786,03-3381-0151,,,,,,,,,,,内科;皮膚科;小児科;眼科,0,,
131148,63,東京都,中野区,新中野ＦＫクリニック,シンナカノFKクリニック,無床診療所,東京都中野区本町6-16-12,新中野FKビル5階,35.697285,139.666489,03-3229-2169,,,,,,,,,,,神経科;精神科;心療内科,0,,
131148,64,東京都,中野区,吉田内科クリニック,ヨシダナイカクリニック,無床診療所,東京都中野区本町6-20-17,,35.696709,139.665924,03-5328-2050,,,,,,,,,,,内科;循環器科;小児科,0,,
131148,65,東京都,中野区,医療法人社団浩悠会　田沼内科・小児科医院,イリョウホウジンシャダン　コウユウカイ　タヌマナイカ・ショウニカイイン,無床診療所,東京都中野区本町6-23-3,,35.695431,139.664429,03-3380-2622,,,,,,,,,,,内科;小児科,0,,
131148,67,東京都,中野区,セイメイ内科,セイメイナイカ,無床診療所,東京都中野区中央1-25-5,MKマンション106,35.701508,139.685806,03-5389-2972,,,,,,,,,,,内科;循環器科,0,,
131148,69,東京都,中野区,医療法人社団燦燦会　中野サンクリニック,イリョウホウジンシャダン　サンサンカイ　ナカノサンクリニック,無床診療所,東京都中野区中央1-32-7,ユニーブル中野坂上1階,35.698101,139.684235,03-6908-8030,,,,,,,,,,,内科,0,,
131148,70,東京都,中野区,渡辺整形外科・外科・内科,ワタナベセイケイゲカ・ゲカ・ナイカ,無床診療所,東京都中野区中央2-2-3,,35.697239,139.681854,03-3361-1770,,,,,,,,,,,内科;外科;整形外科;乳腺外科;消化器内科（胃腸内科）,0,,
131148,71,東京都,中野区,おがた皮フ科クリニック,オガタヒフカクリニック,無床診療所,東京都中野区中央2-2-31,中野NSBビル6F,35.697567,139.682816,03-3366-4112,,,,,,,,,,,皮膚科,0,,
131148,72,東京都,中野区,せき眼科,セキガンカ,無床診療所,東京都中野区中央2-2-31,中野NSB4階,35.697567,139.682816,03-3361-7665,,,,,,,,,,,眼科,0,,
131148,73,東京都,中野区,医療法人社団虹耀会　中野坂上米沢医院,イリョウホウジンシャダン　コウヨウカイ　ナカノサカウエヨネザワイイン,無床診療所,東京都中野区中央2-4-3,ホーメイビルディング102号,35.697411,139.680283,03-3365-2727,,,,,,,,,,,内科;皮膚科;小児科;消化器内視鏡科,0,,
131148,74,東京都,中野区,くすのき診療所,クスノキシンリョウジョ,無床診療所,東京都中野区中央2-7-8,103,35.698387,139.681519,03-3361-0072,,,,,,,,,,,内科;外科;脳神経外科;リハビリ科,0,,
131148,75,東京都,中野区,塔ノ山医院,トウノヤマイイン,有床診療所,東京都中野区中央2-14-9,,35.699936,139.681839,03-3371-7106,,,,,,,,,,,内科;皮膚科;リウマチ科;小児科;リハビリ科,3,,
131148,76,東京都,中野区,渡辺眼科医院,ワタナベガンカイイン,無床診療所,東京都中野区中央2-49-8,,35.698391,139.67572,なし,,,,,,,,,,,眼科,0,,
131148,77,東京都,中野区,徳山医院,トクヤマイイン,無床診療所,東京都中野区中央2-50-11,,35.699375,139.675858,03-3369-1895,,,,,,,,,,,内科,0,,
131148,78,東京都,中野区,中野中央クリニック,ナカノチュウオウクリニック,無床診療所,東京都中野区中央2-59-18,ジャロックビル2F,35.701641,139.677002,03-5332-5429,,,,,,,,,,,内科;小児科;リハビリ科,0,,
131148,79,東京都,中野区,みやびハート＆ケアクリニック,ミヤビハートアンドケアクリニック,無床診療所,東京都中野区中央3-35-4,ナビウス新中野1階EAST,35.698208,139.670959,03-5385-3880,,,,,,,,,,,内科;循環器内科;緩和ケア内科;糖尿病内科;内分泌内科;精神科,0,,
131148,80,東京都,中野区,医療法人社団優祉会　新中野皮膚科クリニック,イリョウホウジンシャダン　ユウシカイ　シンナカノヒフカクリニック,無床診療所,東京都中野区中央4-1-3,ボニータ新中野2階部分 201号室,35.697628,139.67038,03-5342-1560,,,,,,,,,,,皮膚科;形成外科;アレルギー科;小児皮膚科;美容皮膚科,0,,
131148,81,東京都,中野区,頭とからだのクリニック　かねなか脳神経外科,アタマトカラダノクリニック　カネナカノウシンケイゲカ,無床診療所,東京都中野区中央4-4-2,ヘリオス6号ビル,35.697586,139.668854,03-6382-4880,,,,,,,,,,,脳神経外科;リハビリテーション科;放射線科;リウマチ科,0,,診療所の場所（立て替え）を変更
131148,82,東京都,中野区,メディカル新中野,メディカルシンナカノ,無床診療所,東京都中野区中央4-5-2,ブルースカイ新中野1階,35.697552,139.667862,03-3383-3454,,,,,,,,,,,内科;小児科,0,,
131148,83,東京都,中野区,ネクストクリニック,ネクストクリニック,無床診療所,東京都中野区中央5-4-22,JHV中野ビル2階,35.698803,139.667465,03-6382-8808,,,,,,,,,,,内科;皮膚科;心療内科,0,,
131148,84,東京都,中野区,なまため眼科,ナマタメガンカ,無床診療所,東京都中野区中央5-15-4,MARINOビル 1F,35.697529,139.663803,03-6304-8698,,,,,,,,,,,眼科,0,,
131148,85,東京都,中野区,やまさき内科クリニック,ヤマサキナイカクリニック,無床診療所,東京都中野区中央5-39-13,シャトレソレイユ1階,35.700527,139.667099,03-3380-7777,,,,,,,,,,,内科;呼吸器内科;アレルギー科;糖尿病内科（代謝内科）;内分泌内科,0,,
131148,86,東京都,中野区,あしかりクリニック,アシカリクリニック,無床診療所,東京都中野区中央5-44-9,,35.700466,139.665115,03-3380-3272,,,,,,,,,,,精神・神経科;心療内科,0,,
131148,87,東京都,中野区,中村外科医院,ナカムラゲカイイン,無床診療所,東京都中野区東中野1-6-6,,35.701778,139.684494,03-3368-1374,,,,,,,,,,,皮膚科;外科;泌尿器科;肛門科;整形外科;麻酔科;胃腸科;乳腺外科,0,,
131148,88,東京都,中野区,菖医院,アヤメイイン,無床診療所,東京都中野区東中野1-25-9,,35.70364,139.685593,03-6754-5400,,,,,,,,,,,内科;皮膚科;心療内科,0,,
131148,89,東京都,中野区,医療法人社団　功恵会　武藤耳鼻いんこう科医院,イリョウホウジンシャダン　コウケイカイ　ムトウジビインコウカイイン,無床診療所,東京都中野区東中野1-35-21,1階,35.704472,139.68544,03-3361-4023,,,,,,,,,,,耳鼻咽喉科,0,,
131148,90,東京都,中野区,木村内科,キムラナイカ,無床診療所,東京都中野区東中野1-37-11,,35.704456,139.686279,03-3361-1114,,,,,,,,,,,内科;小児科,0,,
131148,91,東京都,中野区,近藤泌尿器科内科クリニック,コンドウヒニョウキカナイカクリニック,無床診療所,東京都中野区東中野1-51-1,JR東中野駅東口ビル3F,35.706009,139.686325,03-3362-1777,,,,,,,,,,,内科;泌尿器科,0,,
131148,92,東京都,中野区,医療法人社団仁医会　東中野クリニック,イリョウホウジンシャダン　ジンイカイ　ヒガシナカノクリニック,無床診療所,東京都中野区東中野1-58-12,,35.706108,139.683578,03-3361-2732,,,,,,,,,,,内科;神経内科,0,,
131148,93,東京都,中野区,太田皮膚科,オオタヒフカ,無床診療所,東京都中野区東中野1-59-9,アトリエビル201,35.705734,139.682846,03-3361-4581,,,,,,,,,,,皮膚科,0,,
131148,94,東京都,中野区,武医院,タケイイン,無床診療所,東京都中野区東中野1-59-14,,35.705673,139.683319,03-3368-8597,,,,,,,,,,,皮膚科;小児科;外科;リハビリ科,0,,
131148,95,東京都,中野区,医療法人社団敬裕会　高田整形外科クリニック,イリョウホウジンシャダン　ケイユウカイ　タカダセイケイゲカクリニック,無床診療所,東京都中野区東中野2-27-7,メディカルコートタカダ1F,35.705921,139.681351,03-3366-5621,,,,,,,,,,,整形外科;形成外科;リハビリ科;放射線科,0,,
131148,96,東京都,中野区,高田皮膚科クリニック,タカダヒフカクリニック,無床診療所,東京都中野区東中野2-27-7,メディカルコートタカダ2F 205号,35.705921,139.681351,03-3366-5620,,,,,,,,,,,皮膚科;形成外科,0,,
131148,97,東京都,中野区,医療法人社団慶池会　メディカルコート池田耳鼻咽喉科,イリョウホウジンシャダン　ケイチカイ　メディカルコートイケダジビインコウカ,無床診療所,東京都中野区東中野2-27-7,メディカルコートI202号,35.705921,139.681351,03-3366-5622,,,,,,,,,,,耳鼻咽喉科,0,,
131148,98,東京都,中野区,山下眼科,ヤマシタガンカ,無床診療所,東京都中野区東中野2-28-14,メディカルコートⅡ 101号,35.706055,139.681198,03-5331-3370,,,,,,,,,,,眼科,0,,
131148,99,東京都,中野区,長澤内科,ナガサワナイカ,無床診療所,東京都中野区東中野2-28-14,メディカルコートⅡ202,35.706055,139.681198,03-3362-5695,,,,,,,,,,,内科;小児科;外科;麻酔科,0,,
131148,100,東京都,中野区,渡辺医院,ワタナベイイン,有床診療所,東京都中野区東中野3-2-16,,35.706703,139.68129,03-3362-9171,,,,,,,,,,,内科,8,,
131148,102,東京都,中野区,いたや内科クリニック,イタヤナイカクリニック,無床診療所,東京都中野区東中野3-8-9,東中野医療ビル2F,35.707489,139.682556,03-3366-3300,,,,,,,,,,,内科;循環器内科;糖尿病内科（代謝内科）,0,,
131148,103,東京都,中野区,やはぎ皮フ科クリニック,ヤハギヒフカクリニック,無床診療所,東京都中野区東中野3-8-9,東中野医療ビル3階,35.707489,139.682556,03-3366-1112,,,,,,,,,,,皮膚科;アレルギー科;小児皮膚科;小児科,0,,旧診療科目：皮膚科;アレルギー科;小児皮膚科;小児科
131148,104,東京都,中野区,医療法人社団陽輝会　河合眼科医院,イリョウホウジンシャダン　ヨウキカイ　カワアイガンカイイン,無床診療所,東京都中野区東中野3-8-13,MSR東中野4階,35.707405,139.683136,03-5937-2157,,,,,,,,,,,眼科,0,,
131148,105,東京都,中野区,あおきクリニック,アオキクリニック,無床診療所,東京都中野区東中野3-8-13,MSR東中野地下1階,35.707405,139.683136,03-5348-2533,,,,,,,,,,,神経科;精神科;心療内科,0,,
131148,106,東京都,中野区,医療法人社団　中山レディスクリニック,イリョウホウジンシャダン　ナカヤマレディスクリニック,有床診療所,東京都中野区東中野3-9-14,,35.708042,139.682541,03-3371-2676,,,,,,,,,,,産婦人科,3,,
131148,107,東京都,中野区,新井クリニック,アライクリニック,無床診療所,東京都中野区東中野3-10-12,石川デンタルビル3F,35.708282,139.683533,03-5331-3383,,,,,,,,,,,内科;循環器科;消化器科,0,,
131148,108,東京都,中野区,後藤クリニック,ゴトウクリニック,無床診療所,東京都中野区東中野3-11-6,誠屋ビル2階,35.708134,139.682129,03-3371-6665,,,,,,,,,,,神経科;精神科;心療内科,0,,
131148,109,東京都,中野区,落合中野眼科,オチアイナカノガンカ,無床診療所,東京都中野区東中野3-16-23,アーサメジャー,35.709911,139.682632,03-6908-5316,,,,,,,,,,,眼科,0,,
131148,110,東京都,中野区,社会医療法人社団健友会　桜山診療所,シャカイイリョウホウジンシャダン　ケンユウカイ　サクラヤマシンリョウジョ,無床診療所,東京都中野区東中野3-17-8,,35.708847,139.681,03-3369-0900,,,,,,,,,,,内科;消化器科;整形外科;循環器内科,0,,
131148,111,東京都,中野区,医療法人社団佐介会　田中クリニック,イリョウホウジンシャダン　サスケカイ　タナカクリニック,無床診療所,東京都中野区東中野3-17-18,1階,35.708668,139.68158,03-5348-2707,,,,,,,,,,,内科;呼吸器内科;アレルギー科,0,,
131148,112,東京都,中野区,医療法人社団　心醫会　横内醫院,イリョウホウジンシャダン　シンイカイ　ヨコウチイイン,無床診療所,東京都中野区東中野4-4-1,ポレポレ坐ビル3階,35.706448,139.684586,03-5386-0205,,,,,,,,,,,内科;外科,0,,
131148,113,東京都,中野区,一般社団法人メディカル・トレック・インターナショナル　マリアンヌクリニック東中野,イッパンシャダンホウジン　メディカル・トレック・インターナショナル　マリアンヌクリニックヒガシナカノ,無床診療所,東京都中野区東中野4-4-26,アトレヴィ東中野店4階 4011,35.70631,139.684433,03-5338-5900,,,,,,,,,,,内科;皮膚科;形成外科;婦人科;乳腺外科;美容皮膚科,0,,
131148,114,東京都,中野区,中谷内科クリニック,ナカヤナイカクリニック,無床診療所,東京都中野区東中野4-7-8,ステーションプラザロアール東中野1階,35.70763,139.683701,03-3366-1481,,,,,,,,,,,内科;循環器科,0,,
131148,115,東京都,中野区,渡辺クリニック,ワタナベクリニック,無床診療所,東京都中野区東中野4-7-18,岡藤ビル1階101号室,35.708179,139.684738,03-5331-3286,,,,,,,,,,,内科;アレルギー科,0,,
131148,116,東京都,中野区,牧野クリニック,マキノクリニック,無床診療所,東京都中野区東中野5-1-1,ユニゾンタワー3F,35.706509,139.686829,03-6908-5017,,,,,,,,,,,精神科;心療内科,0,,
131148,117,東京都,中野区,おおくら内科,オオクラナイカ,無床診療所,東京都中野区東中野5-1-1,ユニゾンモール3階,35.706509,139.686829,03-5332-7676,,,,,,,,,,,内科;消化器内科（胃腸内科）,0,,
131148,118,東京都,中野区,しばたこども＆アレルギークリニック,シバタコドモ＆アレルギークリニック,無床診療所,東京都中野区東中野5-1-1,ユニゾンタワー3階,35.706509,139.686829,03-3360-5569,,,,,,,,,,,アレルギー科;小児科,0,,
131148,119,東京都,中野区,医療法人社団史光会　東中野とみどころ眼科,イリョウホウジンシャダン　シコウカイ　ヒガシナカノトミドコロガンカ,無床診療所,東京都中野区東中野5-1-1,ユニゾンモール3階,35.706509,139.686829,03-5937-5755,,,,,,,,,,,眼科,0,,
131148,120,東京都,中野区,中谷医院,ナカヤイイン,無床診療所,東京都中野区東中野5-8-7,,35.708271,139.686615,03-3361-2384,,,,,,,,,,,内科,0,,
131148,121,東京都,中野区,ほき耳鼻咽喉科クリニック,ホキジビインコウカクリニック,無床診療所,東京都中野区東中野5-10-5,フォーカルビル1階,35.709038,139.687515,03-3362-3337,,,,,,,,,,,耳鼻咽喉科,0,,
131148,124,東京都,中野区,医療法人社団　鉄伸会　かたやま医院,イリョウホウジンシャダン　テツシンカイ　カタヤマイイン,無床診療所,東京都中野区東中野5-23-14,関東バス本社ビル1階,35.710293,139.692734,03-3227-0603,,,,,,,,,,,内科;皮膚科;小児科,0,,
131148,125,東京都,中野区,医療法人社団満真会　上落合おばたクリニック,イリョウホウジンシャダン　ミツシンカイ　カミオチアイオバタクリニック,無床診療所,東京都中野区東中野5-29-10,メイツ東中野104号室,35.710827,139.689285,03-5332-6886,,,,,,,,,,,内科;消化器科;外科,0,,
131148,126,東京都,中野区,宇野医院,ウノイイン,無床診療所,東京都中野区中野1-6-2,,35.701756,139.678558,03-3369-2090,,,,,,,,,,,内科;小児科,0,,
131148,127,東京都,中野区,医療法人社団　なすの華会　島田皮膚科医院,イリョウホウジンシャダン　ナスノハナカイ　シマダヒフカイイン,無床診療所,東京都中野区中野1-53-9,,35.703545,139.673187,03-3362-0856,,,,,,,,,,,皮膚科;肛門科,0,,
131148,128,東京都,中野区,医療法人社団　省賢会　古藤クリニック,イリョウホウジンシャダン　ショウケンカイ　コトウクリニック,無床診療所,東京都中野区中野2-13-23,岡デンタルビル2F,35.705177,139.668671,03-3229-6582,,,,,,,,,,,内科;消化器内科（胃腸内科）;糖尿病内科（代謝内科）;脂質代謝内科,0,,
131148,129,東京都,中野区,山田医院,ヤマダイイン,無床診療所,東京都中野区中野2-14-17,,35.705193,139.669281,03-3384-3555,,,,,,,,,,,内科;皮膚科;小児科;産婦人科,0,,
131148,130,東京都,中野区,東京医療生活協同組合　中野クリニック,トウキョウイリョウセイカツキョウドウクミアイ　ナカノクリニック,無床診療所,東京都中野区中野2-21-17,,35.703274,139.667404,03-3383-3530,,,,,,,,,,,内科,0,,
131148,131,東京都,中野区,優和メンタルクリニック,ユウワメンタルクリニック,無床診療所,東京都中野区中野2-25-3,ヤマノ中野駅前ビル4階,35.704781,139.666061,03-5385-5551,,,,,,,,,,,内科;神経科;精神科;心療内科,0,,
131148,132,東京都,中野区,きはらクリニック,キハラクリニック,無床診療所,東京都中野区中野2-25-3,,35.704781,139.666061,03-3381-6611,,,,,,,,,,,内科;循環器科;皮膚科;外科,0,,
131148,133,東京都,中野区,岡部眼科,オカベガンカ,無床診療所,東京都中野区中野2-25-3,ヤマノ中野駅前ビル2階,35.704781,139.666061,03-3382-3533,,,,,,,,,,,眼科,0,,
131148,134,東京都,中野区,医療法人社団慈泰会　中野皮膚科クリニック,イリョウホウジンシャダン　ジタイカイ　ナカノヒフカクリニック,無床診療所,東京都中野区中野2-30-3,マルニビル5階,35.704193,139.665573,03-5342-0722,,,,,,,,,,,皮膚科;美容皮膚科;小児皮膚科;形成外科,0,,
131148,135,東京都,中野区,社会医療法人社団健友会　中野共立病院付属城西診療所,シャカイイリョウホウジンシャダン　ケンユウカイ　ナカノキョウリツビョウインフゾクジョウサイシンリョウジョ,無床診療所,東京都中野区中野3-3-1,,35.70031,139.662598,03-3381-5105,,,,,,,,,,,内科;循環器内科;消化器内科（胃腸内科）;整形外科,0,,
131148,136,東京都,中野区,おかむら耳鼻咽喉科,オカムラジビインコウカ,無床診療所,東京都中野区中野3-27-19,アルカディア中野1F,35.704014,139.664383,03-5328-0630,,,,,,,,,,,耳鼻咽喉科,0,,
131148,137,東京都,中野区,近藤クリニック,コンドウクリニック,無床診療所,東京都中野区中野3-27-20,アルカディア中野Ⅲ1階,35.703854,139.664413,03-3381-4101,,,,,,,,,,,内科;皮膚科;肛門科;整形外科,0,,
131148,138,東京都,中野区,矢野クリニック,ヤノクリニック,無床診療所,東京都中野区中野3-28-21,キャッスル中野1階,35.703197,139.664825,03-5341-3131,,,,,,,,,,,内科;アレルギー科;小児科,0,,旧名称：医療法人社団友翔会　矢野クリニック
131148,139,東京都,中野区,後藤眼科,ゴトウガンカ,無床診療所,東京都中野区中野3-33-3,インツ中野ビル8階,35.70298,139.66507,03-5342-5801,,,,,,,,,,,眼科,0,,
131148,140,東京都,中野区,中野南口クリニック,ナカノミナミグチクリニック,無床診療所,東京都中野区中野3-33-3,インツ中野ビル4階,35.70298,139.66507,03-5340-5512,,,,,,,,,,,内科,0,,
131148,141,東京都,中野区,医療法人社団幸毅会　なかの中澤眼科,イリョウホウジンシャダン　コウキカイ　ナカノナカザワガンカ,無床診療所,東京都中野区中野3-34-28,丸井中野店6階,35.70472,139.665329,03-6382-8080,,,,,,,,,,,眼科,0,,
131148,142,東京都,中野区,中野下肢静脈瘤クリニック東京中央美容外科,ナカノカシジョウミャクリュウクリニックトウキョウチュウオウビヨウゲカ,無床診療所,東京都中野区中野3-34-32,凱旋ビル3F,35.70414,139.665375,03-6454-1376,,,,,,,,,,,美容外科;美容皮膚科;皮膚科;形成外科,0,,旧診療科目：形成外科;血管外科;美容外科;美容皮膚科
131148,143,東京都,中野区,桃園医院,モモゾノイイン,無床診療所,東京都中野区中野3-40-25,,35.705353,139.663773,03-3381-3747,,,,,,,,,,,内科,0,,
131148,144,東京都,中野区,とどろき皮膚科クリニック,トドロキヒフカクリニック,無床診療所,東京都中野区中野4-2-1,中野サンキビル5階,35.708439,139.664795,03-3385-1112,,,,,,,,,,,皮膚科;形成外科,0,,
131148,145,東京都,中野区,中野眼科,ナカノガンカ,無床診療所,東京都中野区中野4-3-1,なかのサンクォーレB1階,35.708858,139.66452,03-5942-7550,,,,,,,,,,,眼科,0,,
131148,146,東京都,中野区,野口医院,ノグチイイン,無床診療所,東京都中野区中野4-7-1,,35.709751,139.663559,03-3386-5086,,,,,,,,,,,内科;皮膚科;産婦人科,0,,
131148,147,東京都,中野区,医療法人社団千秋双葉会　耳鼻咽喉科セントラルパーク中野,イリョウホウジンシャダン　センシュウフタバカイ　ジビインコウカセントラルパークナカノ,無床診療所,東京都中野区中野4-10-1,中野セントラルパークイースト1階,35.70734,139.661957,03-5318-4187,,,,,,,,,,,アレルギー科;耳鼻いんこう科;小児科,0,,旧診療科目：アレルギー科;耳鼻いんこう科
131148,149,東京都,中野区,クマノミドー眼科,クマノミドーガンカ,無床診療所,東京都中野区中野5-18-9,,35.707832,139.669739,03-3388-5395,,,,,,,,,,,眼科,0,,
131148,150,東京都,中野区,おうじ内科・糖尿病クリニック,オウジナイカ・トウニョウビョウクリニック,無床診療所,東京都中野区中野5-26-8,,35.707516,139.668732,03-3388-1024,,,,,,,,,,,内科;糖尿病内科（代謝内科）;小児科;漢方内科,0,,
131148,151,東京都,中野区,赤沢医院,アカザワイイン,無床診療所,東京都中野区中野5-33-28,,35.706898,139.668518,03-3387-1811,,,,,,,,,,,老年内科,0,,
131148,152,東京都,中野区,尾﨑内科,オザキナイカ,無床診療所,東京都中野区中野5-38-9,,35.708515,139.667862,03-3388-5577,,,,,,,,,,,内科,0,,
131148,153,東京都,中野区,社会医療法人社団健友会　中野共立病院付属中野共立診療所,シャカイイリョウホウジンシャダン　ケンユウカイ　ナカノキョウリツビョウインフゾクナカノキョウリツシンリョウジョ,無床診療所,東京都中野区中野5-45-4,,35.708,139.667297,03-3386-7311,,,,,,,,,,,内科;呼吸器内科;循環器内科;消化器内科;皮膚科;外科;整形外科;眼科;リハビリテーション科;糖尿病内科（代謝内科）;腎臓内科;神経内科,0,,
131148,154,東京都,中野区,井上内科診療所,イノウエナイカシンリョウジョ,無床診療所,東京都中野区中野5-52-15,ブロードウェイ4階7号,35.709923,139.665665,03-3387-6948,,,,,,,,,,,内科;循環器科;消化器科,0,,
131148,155,東京都,中野区,すみ眼科クリニック,スミガンカクリニック,無床診療所,東京都中野区中野5-62-6,吉澤ビル5F,35.706505,139.666153,03-5380-8055,,,,,,,,,,,眼科,0,,
131148,156,東京都,中野区,はりかえメンタルクリニック,ハリカエメンタルクリニック,無床診療所,東京都中野区中野5-65-5,4階,35.707317,139.665314,03-5318-2712,,,,,,,,,,,内科;神経科;精神科,0,,
131148,157,東京都,中野区,ゲンクリニック,ゲンクリニック,無床診療所,東京都中野区中野5-65-5,豊島興業ビル3階,35.707317,139.665314,03-5343-3378,,,,,,,,,,,内科;アレルギー科;心療内科;婦人科,0,,
131148,158,東京都,中野区,サンモールクリニック,サンモールクリニック,無床診療所,東京都中野区中野5-65-12,,35.707039,139.665665,03-5345-5767,,,,,,,,,,,内科;消化器科;外科,0,,
131148,159,東京都,中野区,あけのほし内科クリニック,アケノホシナイカクリニック,無床診療所,東京都中野区中野5-67-4,中野北口ビル2F,35.708084,139.665237,03-3386-6500,,,,,,,,,,,内科;消化器科;小児科;外科,0,,
131148,160,東京都,中野区,石坂整形外科,イシザカセイケイゲカ,無床診療所,東京都中野区中野6-30-14,,35.70858,139.674118,03-3361-3522,,,,,,,,,,,整形外科;リハビリ科,0,,
131148,161,東京都,中野区,上高田ちば整形外科・小児科,カミタカダチバセイケイゲカ・ショウニカ,無床診療所,東京都中野区上高田1-8-13,メディカルプレイス上高田101号,35.711613,139.678253,03-3228-1555,,,,,,,,,,,整形外科;小児科;リハビリテーション科;形成外科,0,,
131148,162,東京都,中野区,上高田クリニック,カミタカダクリニック,無床診療所,東京都中野区上高田1-8-13,メディカルプレイス上高田,35.711613,139.678253,03-5942-5822,,,,,,,,,,,内科;循環器内科;外科;血管外科,0,,
131148,163,東京都,中野区,宮地内科医院,ミヤチナイカイイン,無床診療所,東京都中野区上高田1-35-9,,35.709286,139.674866,03-3361-1858,,,,,,,,,,,内科;循環器科;小児科,0,,
131148,164,東京都,中野区,中野の森クリニック,ナカノノモリクリニック,無床診療所,東京都中野区上高田1-37-11,,35.709816,139.673233,03-3361-1381,,,,,,,,,,,内科;小児科;呼吸器内科,0,,
131148,165,東京都,中野区,熊埜御堂耳鼻咽喉科,クマノミドウジビインコウカ,無床診療所,東京都中野区上高田2-1-3,HNB 1階,35.709309,139.672546,03-5345-6201,,,,,,,,,,,気管食道科;耳鼻咽喉科,0,,
131148,166,東京都,中野区,新井五行堂医院,アライゴギョウドウイイン,無床診療所,東京都中野区上高田2-9-11,,35.711277,139.673187,03-3387-0893,,,,,,,,,,,漢方内科;神経内科;脳神経外科;耳鼻咽喉科,0,,
131148,167,東京都,中野区,渋谷医院,シブヤイイン,無床診療所,東京都中野区上高田2-38-2,,35.711605,139.67067,03-3386-1571,,,,,,,,,,,内科,0,,
131148,168,東京都,中野区,郡司クリニック,グンジクリニック,無床診療所,東京都中野区上高田2-54-10,1階･2階,35.713863,139.669189,03-6454-0090,,,,,,,,,,,リウマチ科;整形外科;リハビリ科,0,,
131148,169,東京都,中野区,宮医院,ミヤイイン,無床診療所,東京都中野区上高田3-1-13,,35.712299,139.677399,03-3385-3177,,,,,,,,,,,内科;消化器科;小児科,0,,
131148,171,東京都,中野区,まるたに内科循環器科,マルタニナイカジュンカンキカ,無床診療所,東京都中野区上高田3-24-2,,35.713978,139.673126,03-3388-1236,,,,,,,,,,,内科;呼吸器科;循環器科,0,,
131148,172,東京都,中野区,お茶の水医院,オチャノミズイイン,無床診療所,東京都中野区上高田3-28-6,,35.713474,139.673416,03-3386-2212,,,,,,,,,,,眼科,0,,
131148,173,東京都,中野区,中野神経科,ナカノシンケイカ,無床診療所,東京都中野区上高田5-33-7,,35.717842,139.674149,03-3385-7723,,,,,,,,,,,内科;神経科;精神科,0,,
131148,174,東京都,中野区,野原産婦人科クリニック,ノハラサンフジンカクリニック,有床診療所,東京都中野区上高田3-39-12,,35.715427,139.671783,03-3386-2525,,,,,,,,,,,産婦人科,18,,
131148,175,東京都,中野区,クリニック　ヨコヤマ,クリニック　ヨコヤマ,有床診療所,東京都中野区新井1-8-8,,35.710205,139.666748,03-3389-2400,,,,,,,,,,,内科;外科;肛門科;脳神経外科;整形外科;形成外科;産婦人科;リハビリテーション科;胃腸科,1,,
131148,176,東京都,中野区,松山皮膚科,マツヤマヒフカ,無床診療所,東京都中野区新井1-13-1,,35.710674,139.66626,03-3386-1747,,,,,,,,,,,皮膚科,0,,
131148,177,東京都,中野区,太田医院,オオタイイン,無床診療所,東京都中野区新井1-13-11,,35.71101,139.666565,03-3386-3269,,,,,,,,,,,耳鼻咽喉科,0,,
131148,179,東京都,中野区,川勝医院,カワカツイイン,有床診療所,東京都中野区新井1-37-3,,35.712708,139.666626,03-3386-3351,,,,,,,,,,,内科;産婦人科,5,,
131148,180,東京都,中野区,医療法人社団　秀俊会　かわかつ耳鼻咽喉科,イリョウホウジンシャダン　シュウシュンカイ　カワカツジビインコウカイイン,無床診療所,東京都中野区新井1-37-3,TKビル103,35.712708,139.666626,03-3389-8711,,,,,,,,,,,耳鼻咽喉科,0,,
131148,181,東京都,中野区,前田クリニック,マエダクリニック,無床診療所,東京都中野区新井2-1-1,ランドコープビル3F,35.710033,139.664719,03-3319-8333,,,,,,,,,,,神経科;精神科;心療内科,0,,
131148,182,東京都,中野区,内科・眼科　栗原医院,ナイカガンカ　クリハライイン,無床診療所,東京都中野区新井2-1-17,,35.710754,139.665131,03-3386-5414,,,,,,,,,,,内科;眼科,0,,
131148,183,東京都,中野区,医療法人社団　山田クリニック,イリョウホウジンシャダン　ヤマダクリニック,無床診療所,東京都中野区新井2-6-10,中野大和マンション1階,35.711887,139.665298,03-3386-0415,,,,,,,,,,,内科;小児科;放射線科;胃腸科,0,,
131148,184,東京都,中野区,中野新井腎クリニック,ナカノアライジンクリニック,無床診療所,東京都中野区新井2-6-13,第2宗像ビル3階,35.711643,139.665421,03-3228-2620,,,,,,,,,,,内科;透析内科,0,,
131148,185,東京都,中野区,新橋医院,ニイハシイイン,無床診療所,東京都中野区新井2-10-3,,35.712566,139.665253,03-3385-2800,,,,,,,,,,,内科;消化器科,0,,
131148,186,東京都,中野区,上野クリニック,ウエノクリニック,無床診療所,東京都中野区新井2-21-8,,35.712498,139.664001,03-3389-1816,,,,,,,,,,,内科;小児科;産科;婦人科,0,,
131148,187,東京都,中野区,医療法人社団明雅会　福田眼科医院,イリョウホウジンシャダン　メイガカイ　フクダガンカイイン,無床診療所,東京都中野区新井2-33-1,,35.710995,139.662933,03-3386-3700,,,,,,,,,,,眼科,0,,
131148,188,東京都,中野区,天野医院,アマノイイン,無床診療所,東京都中野区新井5-26-1,,35.71566,139.670868,03-3389-4092,,,,,,,,,,,耳鼻咽喉科,0,,
131148,189,東京都,中野区,医療法人社団　寺内医院,イリョウホウジンシャダン　テラウチイイン,無床診療所,東京都中野区新井5-31-1,1階,35.716217,139.670166,03-3386-2267,,,,,,,,,,,内科;産婦人科,0,,
131148,190,東京都,中野区,医療法人社団　くまくぼ整形外科,イリョウホウジンシャダン　クマクボセイケイゲカ,無床診療所,東京都中野区沼袋1-7-14,西武沼袋医院ビル3階4階5階,35.718876,139.664322,03-5380-8870,,,,,,,,,,,整形外科;リハビリ科,0,,
131148,191,東京都,中野区,西武沼袋医院,セイブヌマブクロイイン,無床診療所,東京都中野区沼袋1-7-14,,35.718876,139.664322,03-3388-1791,,,,,,,,,,,内科;循環器科;外科;皮膚泌尿器科,0,,
131148,192,東京都,中野区,沼袋すがなみ眼科,ヌマブクロスガナミガンカ,無床診療所,東京都中野区沼袋1-44-2,,35.720592,139.663559,03-3388-7800,,,,,,,,,,,眼科,0,,
131148,193,東京都,中野区,沼袋藤浪内科医院,ヌマブクロフジナミナイカイイン,無床診療所,東京都中野区沼袋3-20-5,ハイツフジA号棟,35.717892,139.659454,03-3389-8410,,,,,,,,,,,糖尿病内科;循環器内科;内分泌内科;アレルギー科;内科小児科,0,,
131148,195,東京都,中野区,医療法人社団　佐光会　さわだ医院,イリョウホウジンシャダン　サコウカイ　サワダイイン,無床診療所,東京都中野区沼袋4-24-5,1階,35.721752,139.660324,03-5318-2526,,,,,,,,,,,内科;消化器科;小児科,0,,
131148,196,東京都,中野区,社会医療法人社団健友会　江古田沼袋診療所,シャカイイリョウホウジンシャダン　ケンユウカイ　エゴタヌマブクロシンリョウジョ,無床診療所,東京都中野区沼袋4-27-15,フォーシーズンビル1階,35.722015,139.66275,03-3387-3424,,,,,,,,,,,内科,0,,
131148,197,東京都,中野区,医療法人社団　あんず会　いしい内科クリニック,イリョウホウジンシャダン　アンズカイ　イシイナイカクリニック,無床診療所,東京都中野区沼袋4-31-11,メイゾン丸山1階,35.723751,139.662308,03-5345-7667,,,,,,,,,,,内科;消化器内科（胃腸内科）;循環器内科,0,,
131148,198,東京都,中野区,医療法人社団　博瞳会　上高田眼科,イリョウホウジンシャダン　ハクドウカイ　カミタカダガンカ,無床診療所,東京都中野区松が丘1-1-19,,35.716282,139.671661,03-3387-4699,,,,,,,,,,,眼科,0,,
131148,199,東京都,中野区,井上医院,イノウエイイン,無床診療所,東京都中野区松が丘1-2-16,,35.717136,139.671997,03-3386-6194,,,,,,,,,,,内科;小児科;循環器内科,0,,
131148,200,東京都,中野区,医療法人社団　清仁会　哲学堂きくち皮膚科,イリョウホウジンシャダン　セイジンカイ　テツガクドウキクチヒフカ,無床診療所,東京都中野区松が丘1-7-7,,35.718662,139.670151,03-5318-0780,,,,,,,,,,,皮膚科;アレルギー科,0,,
131148,201,東京都,中野区,松瀬医院,マツセイイン,無床診療所,東京都中野区松が丘1-10-13,,35.71875,139.671448,03-3386-0606,,,,,,,,,,,皮膚科;泌尿器科,0,,
131148,202,東京都,中野区,医療法人社団　春香会　春川内科クリニック,イリョウホウジンシャダン　シュンコウカイ　ハルカワナイカクリニック,無床診療所,東京都中野区松が丘1-33-15,アリスコート1階 1-A,35.721054,139.672394,03-5345-5477,,,,,,,,,,,内科;神経内科;アレルギー科;小児科,0,,
131148,203,東京都,中野区,松が丘医院,マツガオカイイン,無床診療所,東京都中野区松が丘2-34-2,,35.723358,139.671249,03-3953-0682,,,,,,,,,,,内科;呼吸器科;循環器科;消化器科;小児科,0,,
131148,204,東京都,中野区,林医院,ハヤシイイン,無床診療所,東京都中野区江原町1-11-14,,35.729828,139.676178,03-3565-0511,,,,,,,,,,,内科;消化器科,0,,
131148,205,東京都,中野区,医療法人社団晴雅会　ももい整形外科,イリョウホウジンシャダン　セイガカイ　モモイセイケイゲカ,無床診療所,東京都中野区江原町2-20-19,,35.730988,139.668762,03-3950-0808,,,,,,,,,,,リウマチ科;整形外科;リハビリ科,0,,
131148,206,東京都,中野区,江原町皮ふ科,エハラチョウヒフカ,無床診療所,東京都中野区江原町2-20-19,,35.730988,139.668762,03-5996-1012,,,,,,,,,,,皮膚科;小児皮膚科;アレルギー科,0,,
131148,207,東京都,中野区,武田内科クリニック,タケダナイカクリニック,無床診療所,東京都中野区江原町3-5-10,ライオンズマンション江古田202号,35.731113,139.674973,03-3950-3836,,,,,,,,,,,内科;循環器科,0,,
131148,208,東京都,中野区,よしの女性診療所,ヨシノジョセイシンリョウジョ,無床診療所,東京都中野区江原町3-35-8,グローリオ中野新江古田1F,35.732918,139.670853,03-5996-6101,,,,,,,,,,,婦人科,0,,
131148,209,東京都,中野区,江原町小児科耳鼻科,エハラチョウショウニカジビカ,無床診療所,東京都中野区江原町3-35-8,グローリオ中野新江古田1F3号,35.732918,139.670853,03-5988-7705,,,,,,,,,,,小児科;耳鼻咽喉科,0,,
131148,210,東京都,中野区,医療法人社団小金澤医院,イリョウホウジンシャダン　コガネザワイイン,無床診療所,東京都中野区江原町3-35-8,グローリオ中野新江古田1階2-2,35.732918,139.670853,03-3951-5621,,,,,,,,,,,内科;循環器内科,0,,
131148,211,東京都,中野区,哲学堂　石井眼科医院,テツガクドウ　イシイガンカイイン,無床診療所,東京都中野区江古田1-1-4,2F,35.724102,139.675293,03-3951-7227,,,,,,,,,,,眼科,0,,
131148,212,東京都,中野区,哲学堂　石井内科医院,テツガクドウイシイナイカイイン,無床診療所,東京都中野区江古田1-1-4,一階,35.724102,139.675293,03-5906-5010,,,,,,,,,,,内科;消化器内科（胃腸内科）,0,,
131148,213,東京都,中野区,荻原医院,オギハライイン,無床診療所,東京都中野区江古田2-11-10,,35.725052,139.666656,03-3388-5050,,,,,,,,,,,内科;小児科,0,,
131148,214,東京都,中野区,小児科内科高田医院,ショウニカナイカタカダイイン,無床診療所,東京都中野区江古田3-5-10,,35.726269,139.668777,03-3386-7383,,,,,,,,,,,内科;アレルギー科;小児科,0,,
131148,215,東京都,中野区,斉藤医院,サイトウイイン,無床診療所,東京都中野区江古田3-6-6,サニー中野1階,35.72649,139.668213,03-3389-7288,,,,,,,,,,,内科;消化器科;外科,0,,
131148,216,東京都,中野区,広川医院,ヒロカワイイン,無床診療所,東京都中野区江古田4-30-15,,35.724674,139.662582,03-3228-1707,,,,,,,,,,,内科;循環器科;神経内科;リハビリ科,0,,
131148,217,東京都,中野区,医療法人社団悠友会　天正堂クリニック,イリョウホウジンシャダン　ユウユウカイ　テンショウドウクリニック,無床診療所,東京都中野区丸山1-5-7,1階,35.723701,139.655289,03-3319-3965,,,,,,,,,,,内科;アレルギー科;小児科,0,,
131148,218,東京都,中野区,たかねファミリークリニック,タカネファミリークリニック,無床診療所,東京都中野区丸山2-17-13,,35.724586,139.651978,03-5356-8120,,,,,,,,,,,内科;腎臓内科;小児科;皮膚科,0,,
131148,219,東京都,中野区,野方こどもクリニック,ノガタコドモクリニック,無床診療所,東京都中野区丸山2-23-2,,35.723583,139.650757,03-5356-7051,,,,,,,,,,,アレルギー科;小児科,0,,
131148,220,東京都,中野区,林整形外科,ハヤシセイケイゲカ,無床診療所,東京都中野区野方1-4-18,,35.71088,139.659805,03-5318-5336,,,,,,,,,,,整形外科;リハビリ科,0,,
131148,221,東京都,中野区,医療法人社団愛誠会　のがたクリニック,イリョウホウジンシャダン　アイセイカイ　ノガタクリニック,無床診療所,東京都中野区野方1-40-1,,35.709782,139.654846,03-3389-2201,,,,,,,,,,,内科;外科;小児科,0,,
131148,222,東京都,中野区,医療法人社団　千一心会　杉本医院,イリョウホウジンシャダン　センイッシンカイ　スギモトイイン,無床診療所,東京都中野区野方2-7-17,,35.713573,139.658768,03-3388-2338,,,,,,,,,,,内科;小児科,0,,
131148,223,東京都,中野区,橋本医院,ハシモトイイン,無床診療所,東京都中野区野方3-15-3,,35.717983,139.655777,03-3389-0355,,,,,,,,,,,内科;消化器科,0,,
131148,224,東京都,中野区,高田耳鼻咽喉科医院,タカダジビインコウカイイン,無床診療所,東京都中野区野方4-19-6,野方サニーハイツ1F,35.720043,139.654037,03-3389-9428,,,,,,,,,,,小児科;耳鼻咽喉科,0,,
131148,225,東京都,中野区,小林眼科医院,コバヤシガンカイイン,無床診療所,東京都中野区野方4-20-5,,35.720333,139.654007,03-3386-7355,,,,,,,,,,,眼科,0,,
131148,226,東京都,中野区,くり小児科内科,クリショウニカナイカ,無床診療所,東京都中野区野方4-22-3,,35.721191,139.653931,03-5345-6166,,,,,,,,,,,内科;アレルギー科;小児科,0,,
131148,228,東京都,中野区,野方駅内科,ノガタエキナイカ,無床診療所,東京都中野区野方5-3-1,野方WIZ 101号,35.718098,139.653549,03-5356-8153,,,,,,,,,,,内科;循環器内科,0,,
131148,229,東京都,中野区,高崎医院,タカサキイイン,無床診療所,東京都中野区野方5-4-13,,35.718304,139.652496,03-3338-3037,,,,,,,,,,,内科;消化器科;整形外科;リハビリ科,0,,
131148,230,東京都,中野区,石森脳神経外科,イシモリノウシンケイゲカ,無床診療所,東京都中野区野方5-10-15,,35.717136,139.65123,03-3310-5041,,,,,,,,,,,内科;脳神経外科,0,,
131148,231,東京都,中野区,耳鼻咽喉科　奥平医院,ジビインコウカ　オクダイライイン,無床診療所,東京都中野区野方5-18-2,,35.719017,139.651566,03-3330-1374,,,,,,,,,,,アレルギー科;小児科;耳鼻咽喉科;小児耳鼻咽喉科,0,,
131148,232,東京都,中野区,医療法人社団豊医会　竹下医院,イリョウホウジンシャダン　ホウイカイ　タケシタイイン,無床診療所,東京都中野区野方5-22-8,,35.718719,139.652344,03-3339-6658,,,,,,,,,,,内科;小児科,0,,
131148,233,東京都,中野区,のがた眼科クリニック,ノガタガンカクリニック,無床診療所,東京都中野区野方5-25-4,竹内ビル2階,35.718704,139.653,03-3223-8588,,,,,,,,,,,眼科,0,,
131148,234,東京都,中野区,長谷川医院,ハセガワイイン,無床診療所,東京都中野区野方5-28-6,,35.719379,139.652649,03-3338-2050,,,,,,,,,,,内科;皮膚科;アレルギー科;小児科;外科;形成外科;麻酔科,0,,
131148,235,東京都,中野区,重福医院,シゲフクイイン,無床診療所,東京都中野区野方5-29-5,服部ビル2F,35.719189,139.652573,03-5327-3803,,,,,,,,,,,内科;呼吸器科;アレルギー科,0,,
131148,236,東京都,中野区,中村医院,ナカムライイン,無床診療所,東京都中野区野方6-1-2,,35.71981,139.653397,03-3336-1859,,,,,,,,,,,内科;循環器科;消化器科;リハビリ科,0,,
131148,237,東京都,中野区,医療法人社団和久慈会　鳥海ペインクリニック,イリョウホウジンシャダン　ワクジカイ　トリウミペインクリニック,無床診療所,東京都中野区野方6-3-2,,35.719921,139.652786,03-3338-1414,,,,,,,,,,,内科;消化器科;外科;肛門科;整形外科;麻酔科,0,,
131148,238,東京都,中野区,堀田眼科医院,ホッタガンカイイン,無床診療所,東京都中野区野方6-3-10,,35.71994,139.653015,03-3330-0224,,,,,,,,,,,眼科,0,,
131148,239,東京都,中野区,松崎皮フ科,マツザキヒフカ,無床診療所,東京都中野区野方6-4-1,2F,35.720238,139.652649,03-3330-8071,,,,,,,,,,,皮膚科,0,,
131148,240,東京都,中野区,医療法人社団鶴翔会　つるい整形外科,イリョウホウジンシャダン　カクショウカイ　ツルイセイケイゲカ,無床診療所,東京都中野区野方6-6-2,サンクリバージュ野方1階,35.7202,139.653305,03-5327-3443,,,,,,,,,,,整形外科;リハビリ科,0,,
131148,241,東京都,中野区,医療法人社団　明笙会　たけうち内科,イリョウホウジンシャダン　メイショウカイ　タケウチナイカ,無床診療所,東京都中野区野方6-8-7,岸ビル1階,35.721001,139.652603,03-5356-5777,,,,,,,,,,,内科,0,,
131148,242,東京都,中野区,医療法人社団京愛会　ケイ・メディカルクリニック,イリョウホウジンシャダン　ケイアイカイ　ケイ・メディカルクリニック,無床診療所,東京都中野区大和町1-4-2,白鳳ビル3階,35.709663,139.652954,03-3310-7121,,,,,,,,,,,整形外科;リハビリ科,0,,
131148,243,東京都,中野区,いたばしクリニック,イタバシクリニック,無床診療所,東京都中野区大和町1-27-3,暁荘1F,35.710651,139.652756,03-5356-1623,,,,,,,,,,,内科;外科;消化器内科（胃腸内科）,0,,
131148,244,東京都,中野区,たかとり内科,タカトリナイカ,無床診療所,東京都中野区大和町1-30-6,,35.709797,139.651505,03-6265-5835,,,,,,,,,,,内科;皮膚科;神経内科;小児科,0,,旧診療科目：内科;皮膚科;神経内科
131148,245,東京都,中野区,医療法人社団千年会　やはたクリニック,イリョウホウジンシャダン　センネンカイ　ヤハタクリニック,無床診療所,東京都中野区大和町1-44-4,,35.713238,139.650757,03-5364-5361,,,,,,,,,,,内科;小児科;整形外科;リハビリ科,0,,
131148,246,東京都,中野区,医療法人社団光智会　能戸クリニック,イリョウホウジンシャダン　コウチカイ　ノトクリニック,無床診療所,東京都中野区大和町1-45-12,,35.713051,139.650665,03-3337-6700,,,,,,,,,,,内科;消化器科;神経科;皮膚科;小児科;精神科;心療内科;外科,0,,
131148,247,東京都,中野区,医療法人社団　荒牧医院,イリョウホウジンシャダン　アラマキイイン,無床診療所,東京都中野区大和町1-64-10,,35.709759,139.650192,03-3337-0198,,,,,,,,,,,耳鼻咽喉科;形成外科,0,,旧診療科目：皮膚科;耳鼻咽喉科
131148,248,東京都,中野区,司馬内科医院,シマナイカイイン,無床診療所,東京都中野区大和町1-65-2,,35.709545,139.650681,03-3223-1785,,,,,,,,,,,内科,0,,
131148,249,東京都,中野区,白浜医院,シラハマイイン,無床診療所,東京都中野区大和町2-6-7,1F,35.716408,139.653595,03-3339-6424,,,,,,,,,,,内科;精神科;心療内科,0,,
131148,250,東京都,中野区,小川クリニック,オガワクリニック,無床診療所,東京都中野区大和町2-46-4,,35.714664,139.648529,03-5327-4664,,,,,,,,,,,内科;リウマチ科;歯科,0,,
131148,251,東京都,中野区,社会医療法人社団健友会　やまと診療所,シャカイイリョウホウジンシャダン　ケンユウカイ　ヤマトシンリョウショ,無床診療所,東京都中野区大和町3-3-12,,35.711254,139.649399,03-3339-5640,,,,,,,,,,,内科;循環器科;消化器科;整形外科;呼吸器内科,0,,
131148,252,東京都,中野区,医療法人社団渡辺会　大場診療所,イリョウホウジンシャダン　ワタナベカイ　ダイバシンリョウジョ,無床診療所,東京都中野区大和町3-40-6,,35.71172,139.644058,03-3330-0073,,,,,,,,,,,内科;循環器科;小児科;放射線科;胃腸科,0,,
131148,253,東京都,中野区,高梨医院,タカナシイイン,無床診療所,東京都中野区大和町4-10-21,,35.714504,139.648239,03-3337-6987,,,,,,,,,,,内科;小児科;循環器内科,0,,
131148,254,東京都,中野区,宮嶋メディカルクリニック,ミヤジマメディカルクリニック,無床診療所,東京都中野区若宮1-25-12,,35.718319,139.649994,03-3338-7492,,,,,,,,,,,内科;呼吸器内科;アレルギー科;皮膚科,0,,
131148,255,東京都,中野区,やじまクリニック,ヤジマクリニック,無床診療所,東京都中野区若宮2-1-23,,35.715294,139.646347,03-3339-1811,,,,,,,,,,,内科;小児科,0,,
131148,256,東京都,中野区,佐藤医院,サトウイイン,無床診療所,東京都中野区若宮2-23-6,,35.715729,139.64447,03-3338-0536,,,,,,,,,,,内科;呼吸器科;循環器科;小児科;胃腸科,0,,
131148,257,東京都,中野区,医療法人社団楽育会　小池小児科医院,イリョウホウジンシャダン　ラクイクカイ　コイケショウニカイイン,無床診療所,東京都中野区若宮3-2-10,,35.719368,139.646851,03-3330-0743,,,,,,,,,,,アレルギー科;小児科,0,,
131148,258,東京都,中野区,とりつかせいクリニック,トリツカセイクリニック,無床診療所,東京都中野区若宮3-36-12,STEPⅠ 1階,35.72123,139.644684,03-3310-3880,,,,,,,,,,,内科;消化器内科（胃腸内科）;心療内科,0,,
131148,259,東京都,中野区,浜野眼科医院,ハマノガンカイイン,無床診療所,東京都中野区若宮3-40-12,,35.719692,139.645355,03-3338-5539,,,,,,,,,,,眼科,0,,
131148,260,東京都,中野区,つるた鷺ノ宮クリニック,ツルタサギノミヤクリニック,無床診療所,東京都中野区白鷺1-7-15,マアヤ白鷺1階,35.717564,139.637497,03-5373-8460,,,,,,,,,,,内科;消化器内科（胃腸内科）;糖尿病内科（代謝内科）;小児科;皮膚科,0,,
131148,261,東京都,中野区,西山耳鼻咽喉科医院,ニシヤマジビインコウカイイン,無床診療所,東京都中野区白鷺2-45-10,,35.720367,139.636536,03-3330-4195,,,,,,,,,,,耳鼻咽喉科;気管食道内科,0,,
131148,262,東京都,中野区,明野眼科,アケノガンカ,無床診療所,東京都中野区白鷺2-49-27,,35.722229,139.637192,03-3336-8185,,,,,,,,,,,眼科,0,,
131148,263,東京都,中野区,太田整形外科,オオタセイケイゲカ,無床診療所,東京都中野区白鷺3-15-10,,35.722603,139.629807,03-3310-5216,,,,,,,,,,,リウマチ科;整形外科;リハビリ科;皮膚科,0,,
131148,264,東京都,中野区,霜山医院,シモヤマイイン,無床診療所,東京都中野区鷺宮1-2-15,,35.721378,139.648438,03-3330-5880,,,,,,,,,,,内科;小児科,0,,
131148,265,東京都,中野区,すぎやまクリニック,スギヤマクリニック,無床診療所,東京都中野区鷺宮1-27-5,3階,35.722969,139.64418,03-3223-1275,,,,,,,,,,,内科;小児科,0,,
131148,266,東京都,中野区,こころの杜クリニック,ココロノモリクリニック,無床診療所,東京都中野区鷺宮1-27-6,青山ビル2F,35.723095,139.644135,03-3310-1840,,,,,,,,,,,精神科;心療内科,0,,
131148,267,東京都,中野区,塩崎クリニック,シオザキクリニック,無床診療所,東京都中野区鷺宮2-5-7,宮ビル2階,35.724762,139.645294,03-5327-3336,,,,,,,,,,,内科;外科;肛門科;胃腸科,0,,
131148,268,東京都,中野区,ふじもり耳鼻咽喉科クリニック,フジモリジビインコウカクリニック,無床診療所,東京都中野区鷺宮3-4-7,,35.72337,139.642471,03-5373-4133,,,,,,,,,,,アレルギー科;耳鼻咽喉科,0,,
131148,269,東京都,中野区,くすもと皮フ科,クスモトヒフカ,無床診療所,東京都中野区鷺宮3-9-１,102,35.724155,139.643646,03-6427-6667,,,,,,,,,,,皮膚科,0,,
131148,270,東京都,中野区,ホリスティキュアメディカルクリニック（ＨＯＬＩＳＴＩＣＵＲＥ　ＭＥＤＩＣＡＬ　ＣＬＩＮＩＣ）,ホリスティキュアメディカルクリニック,無床診療所,東京都中野区鷺宮3-9-27,,35.724712,139.643738,03-5356-8170,,,,,,,,,,,内科;循環器内科;皮膚科,0,,
131148,271,東京都,中野区,医療法人社団フレシェア　若宮診療所,イリョウホウジンシャダン　フレシェア　ワカミヤシンリョウジョ,無床診療所,東京都中野区鷺宮3-11-8,,35.723137,139.641891,03-3338-7335,,,,,,,,,,,内科;呼吸器内科;アレルギー科,0,,
131148,272,東京都,中野区,さぎのみや皮膚科クリニック,サギノミヤヒフカクリニック,無床診療所,東京都中野区鷺宮3-19-1,連城ビル2階,35.722927,139.638565,03-5327-3013,,,,,,,,,,,皮膚科;小児皮膚科;美容皮膚科;アレルギー科,0,,
131148,273,東京都,中野区,さかい内科クリニック,サカイナイカクリニック,無床診療所,東京都中野区鷺宮3-19-15,1階A,35.723076,139.638657,03-5327-3670,,,,,,,,,,,内科;呼吸器科;アレルギー科,0,,
131148,274,東京都,中野区,さぎの宮の根岸眼科,サギノミヤノネギシガンカ,無床診療所,東京都中野区鷺宮3-20-3,小野田ビル2階,35.723629,139.638245,03-5327-3555,,,,,,,,,,,眼科,0,,
131148,275,東京都,中野区,医療法人社団明篤会　沖津医院,イリョウホウジンシャダン　メイトクカイ　オキツイイン,無床診療所,東京都中野区鷺宮3-20-4,鷺宮医療ビル2階､3階,35.723698,139.638184,03-3339-2865,,,,,,,,,,,内科;循環器科;消化器科;神経内科;皮膚科;リハビリ科,0,,
131148,276,東京都,中野区,中越整形外科,ナカコシセイケイゲカ,無床診療所,東京都中野区鷺宮3-20-9,,35.723793,139.638702,03-5327-5835,,,,,,,,,,,リウマチ科;外科;整形外科;リハビリ科,0,,
131148,277,東京都,中野区,鷺ノ宮耳鼻咽喉科,サギノミヤジビインコウカ,無床診療所,東京都中野区鷺宮3-20-10,フロンティア鷺宮1階,35.723663,139.638672,03-5327-4187,,,,,,,,,,,耳鼻咽喉科,0,,
131148,278,東京都,中野区,熊谷医院,クマガイイイン,無床診療所,東京都中野区鷺宮3-32-5,,35.724304,139.638214,03-3338-1515,,,,,,,,,,,内科;放射線科,0,,
131148,279,東京都,中野区,曽根クリニック,ソネクリニック,無床診療所,東京都中野区鷺宮4-31-2,,35.72448,139.635849,03-5373-8700,,,,,,,,,,,精神科;心療内科,0,,
131148,280,東京都,中野区,美穂診療所,ミホシンリョウジョ,無床診療所,東京都中野区鷺宮5-3-14,,35.726658,139.634796,03-3990-1208,,,,,,,,,,,内科;小児科;消化器内科（胃腸内科）,0,,
131148,281,東京都,中野区,やまぐち内科ハートクリニック,ヤマグチナイカハートクリニック,無床診療所,東京都中野区上鷺宮2-4-1,,35.726818,139.63588,03-3970-0770,,,,,,,,,,,内科;循環器内科;呼吸器内科;糖尿病内科（代謝内科）,0,,
131148,282,東京都,中野区,かみさぎキッズクリニック,カミサギキッズクリニック,無床診療所,東京都中野区上鷺宮3-8-14,,35.732426,139.631149,03-3577-8400,,,,,,,,,,,小児科;小児外科（漢方）,0,,
131148,283,東京都,中野区,医療法人社団哲心会　千川通りあさのクリニック,イリョウホウジンシャダン　テツシンカイ　センカワトオリ　アサノクリニック,無床診療所,東京都中野区上鷺宮3-16-1,1階,35.735432,139.633194,03-5987-0114,,,,,,,,,,,内科;呼吸器科;循環器科;消化器科;外科;リハビリ科,0,,
131148,284,東京都,中野区,医療法人社団　かみさぎ眼科クリニック,イリョウホウジンシャダン　カミサギガンカクリニック,無床診療所,東京都中野区上鷺宮4-3-1,1階,35.732536,139.630875,03-3577-2141,,,,,,,,,,,眼科,0,,
131148,285,東京都,中野区,かみさぎ皮フ科医院,カミサギヒフカイイン,無床診療所,東京都中野区上鷺宮4-3-16,1階,35.733433,139.630753,03-3825-0789,,,,,,,,,,,皮膚科,0,,
131148,286,東京都,中野区,医療法人社団関会　関医院,イリョウホウジンシャダン　セキカイ　セキイイン,無床診療所,東京都中野区上鷺宮4-6-21,,35.733994,139.630188,03-3990-2644,,,,,,,,,,,内科;消化器科,0,,
131148,287,東京都,中野区,たかのクリニック,タカノクリニック,無床診療所,東京都中野区上鷺宮4-6-38,,35.732422,139.629807,03-3990-2222,,,,,,,,,,,内科;循環器内科;小児科,0,,
131148,288,東京都,中野区,のぐち内科クリニック,ノグチナイカクリニック,無床診療所,東京都中野区上鷺宮4-17-14,,35.734814,139.629593,03-3926-0007,,,,,,,,,,,内科;呼吸器科;神経内科,0,,
131148,289,東京都,中野区,髙木小児科医院,タカギショウニカイイン,無床診療所,東京都中野区上鷺宮4-19-10,,35.734993,139.627777,03-5241-5823,,,,,,,,,,,小児科,0,,
131148,100000001,東京都,中野区,医療法人財団圭友会　小原病院,イリョウホウジンザイダンケイユウカイ　オバラビョウイン,病院,東京都中野区本町3-28-16,,35.696941,139.678391,03-3372-0311,,,,,,,,,,,内科、外科、整形外科,116,,
131148,100000002,東京都,中野区,新渡戸記念中野総合病院,ニトベキネンナカノソウゴウビョウイン,病院,東京都中野区中央4-59-16,,35.702694,139.66713,03-3382-1231,,,,,,,,,,,内科、脳神経内科、皮膚科、小児科、精神科、外科、泌尿器科、脳神経外科、整形外科、眼科、耳鼻咽喉科、婦人科、放射線科、麻酔科、病理診断科、消化器外科、循環器内科,296,,
131148,100000003,東京都,中野区,一般財団法人自警会　東京警察病院,イッパンザイダンホウジンジケイカイ　トウキョウケイサツビョウイン,病院,東京都中野区中野4-22-1,,35.709152,139.659378,03-5343-5611,,,,,,,,,,,内科、呼吸器内科、循環器内科、消化器内科、血液内科、腎臓・内分泌・代謝内科、脳神経内科、外科、呼吸器外科、消化器外科、乳腺外科、血管外科、整形外科、脳神経外科、形成外科、美容外科、精神科、リウマチ科、小児科、皮膚科、泌尿器科、産婦人科、眼科、耳鼻咽喉科、リハビリテーション科、放射線科、病理診断科、臨床検査科、救急科、麻酔科、腎臓内科、糖尿病内科（代謝内科）、消化器外科（胃腸外科）、心臓血管外科,415,,
131148,100000004,東京都,中野区,社会医療法人社団健友会　中野共立病院,シャカイイリョウホウジンシャダンケンユウカイ　ナカノキョウリツビョウイン,病院,東京都中野区中野5-44-7,,35.708847,139.66716,03-3386-3166,,,,,,,,,,,内科、外科、理学診療科,110,,
131148,100000005,東京都,中野区,医療法人社団徳静会　横畠病院,イリョウホウジンシャダントクセイカイ　ヨコハタビョウイン,病院,東京都中野区新井1-38-6,,35.71302,139.666016,03-3389-2531,,,,,,,,,,,内科、消化器科、肛門科、整形外科、理学診療科、循環器内科,37,,
131148,100000006,東京都,中野区,社会福祉法人武蔵野療園　武蔵野療園病院,シャカイフクシホウジンムサシノリョウエン　ムサシノリョウエンビョウイン,病院,東京都中野区江古田2-24-11,,35.727547,139.664047,03-3389-5511,,,,,,,,,,,内科、理学診療科,92,,旧病床数：199
131148,100000007,東京都,中野区,医療法人財団健貢会　総合東京病院,イリョウホウジンザイダンケンコウカイ　ソウゴウトウキョウビョウイン,病院,東京都中野区江古田3-15-2,,35.727566,139.664261,03-3387-5421,,,,,,,,,,,内科、呼吸器内科、循環器内科、消化器内科、血液内科、腎臓内科、脳神経内科、糖尿病・代謝内科、外科、呼吸器外科、心臓血管外科、消化器外科、整形外科、脳神経外科、形成外科、美容外科、精神科、小児科、皮膚科、泌尿器科、眼科、耳鼻咽喉科、リハビリ科、放射線科、放射線診療科、放射線治療科、救急科、歯科、歯科口腔外科、血管外科、婦人科、産婦人科、麻酔科,451,,旧診療科目：内科、呼吸器科、循環器科、消化器科、神経内科、皮膚科、小児科、精神科、心療内科、外科、心臓血管外科、泌尿器科、脳神経外科、整形外科、美容外科、眼科、耳鼻咽喉科、婦人科、理学診療科、放射線科、麻酔科、歯科、歯科口腔外科、産婦人科
131148,100000008,東京都,中野区,社会福祉法人浄風園　中野江古田病院,シャカイフクシホウジンジョウフウエン　ナカノエゴタビョウイン,病院,東京都中野区江古田4-19-9,,35.727081,139.662521,03-3387-7321,,,,,,,,,,,内科、皮膚科、外科、泌尿器科、整形外科、耳鼻咽喉科、歯科、消化器外科（胃腸外科）、循環器内科、リハビリテーション科、糖尿病内科（代謝内科）、救急科　,173,,旧診療科目：内科、皮膚科、外科、泌尿器科、整形外科、耳鼻咽喉科、歯科　
131148,200000001,東京都,中野区,池田歯科医院,イケダシカイイン,無床診療所,東京都中野区南台1-1-5,,35.687054,139.677444,03-3376-1519,,,,,,,,,,,歯科,0,,
131148,200000002,東京都,中野区,医療法人社団創美会　いいの歯科医院,イリョウホウジンシャダンソウビカイ　イイノシカイイン,無床診療所,東京都中野区南台2-12-10,,35.682526,139.66954,03-5341-3531,,,,,,,,,,,歯科、矯正歯科、小児歯科、歯科口腔外科,0,,
131148,200000003,東京都,中野区,医療法人社団　土田歯科医院,イリョウホウジンシャダン　ツチダシカイイン,無床診療所,東京都中野区南台3-6-25,スフィーダ中野1階,35.685585,139.669067,03-3229-0880,,,,,,,,,,,歯科,0,,
131148,200000004,東京都,中野区,渡部歯科,ワタベシカ,無床診療所,東京都中野区南台3-15-1,,35.683449,139.667404,03-3383-2802,,,,,,,,,,,歯科、小児歯科,0,,
131148,200000005,東京都,中野区,歯科室　福田,シカシツ　フクダ,無床診療所,東京都中野区南台3-27-10,,35.685238,139.666794,03-3381-8028,,,,,,,,,,,歯科、歯科口腔外科、小児歯科,0,,
131148,200000006,東京都,中野区,三上歯科医院,ミカミシカイイイン,無床診療所,東京都中野区南台3-37-27,,35.683651,139.665436,03-3384-0385,,,,,,,,,,,歯科,0,,
131148,200000007,東京都,中野区,山本歯科医院,ヤマモトシカイイン,無床診療所,東京都中野区南台4-16-7,,35.682312,139.665848,03-3381-8632,,,,,,,,,,,歯科、矯正歯科、小児歯科、歯科口腔外科,0,,
131148,200000008,東京都,中野区,水野歯科医院,ミズノシカイイン,無床診療所,東京都中野区南台4-52-3,,35.678577,139.665634,03-3381-1366,,,,,,,,,,,歯科、小児歯科,0,,
131148,200000009,東京都,中野区,ひいらぎ歯科クリニック,ヒイラギシカクリニック,無床診療所,東京都中野区南台5-25-7,,35.684303,139.661133,03-6454-1182,,,,,,,,,,,歯科、矯正歯科、小児歯科、歯科口腔外科,0,,
131148,200000010,東京都,中野区,方南町あつし歯科,ホウナンチョウアツシシカ,無床診療所,東京都中野区南台5-32-1,,35.683613,139.659653,03-5340-7033,,,,,,,,,,,歯科、矯正歯科、小児歯科、歯科口腔外科,0,,
131148,200000011,東京都,中野区,金子歯科医院,カネコシカイイン,無床診療所,東京都中野区弥生町1-32-4,,35.689739,139.677902,03-3373-2561,,,,,,,,,,,歯科,0,,
131148,200000012,東京都,中野区,山崎歯科,ヤマザキシカ,無床診療所,東京都中野区弥生町2-21-6,第6鶴水ビル3階,35.692463,139.674454,03-3372-1125,,,,,,,,,,,歯科,0,,
131148,200000013,東京都,中野区,医療法人社団伸永会　歯科中橋,イリョウホウジンシャダンシンエイカイ　シカナカハシ,無床診療所,東京都中野区弥生町2-21-11,"協和ビル5番館1階-101号室,3階-301号室",35.692497,139.675095,03-6276-7157,,,,,,,,,,,歯科,0,,
131148,200000014,東京都,中野区,坪井歯科クリニック,ツボイシカクリニック,無床診療所,東京都中野区弥生町2-23-3,松屋ビル2階　201号,35.692642,139.674347,03-3382-1121,,,,,,,,,,,歯科,0,,
131148,200000015,東京都,中野区,松本歯科医院,マツモトシカイイン,無床診療所,東京都中野区弥生町2-25-13,永島ビル102,35.692177,139.673813,03-5342-3640,,,,,,,,,,,歯科、小児歯科,0,,
131148,200000016,東京都,中野区,かどむら歯科医院,カドムラシカイイン,無床診療所,東京都中野区弥生町2-46-8‐101,,35.690399,139.671249,03-5342-2581,,,,,,,,,,,歯科、矯正歯科、小児歯科、歯科口腔外科,0,,
131148,200000017,東京都,中野区,のむら歯科クリニック,ノムラシカクリニック,無床診療所,東京都中野区弥生町3-2-8,,35.688301,139.676117,03-3378-8341,,,,,,,,,,,歯科、矯正歯科、小児歯科、歯科口腔外科,0,,
131148,200000018,東京都,中野区,７Ｄｅｎｔａｌ　Ｃｌｉｎｉｃ,セブンデンタルクリニック,無床診療所,東京都中野区弥生町3-9-20,,35.687111,139.675964,03-3376-8908,,,,,,,,,,,歯科、矯正歯科、小児歯科、歯科口腔外科,0,,
131148,200000019,東京都,中野区,宮内歯科医院,ミヤウチシカイイン,無床診療所,東京都中野区弥生町3-16-3,,35.687084,139.674591,03-3372-0763,,,,,,,,,,,歯科,0,,
131148,200000020,東京都,中野区,大庭歯科医院,オオバシカイイン,無床診療所,東京都中野区弥生町4-1-12,,35.687119,139.672165,03-3381-6549,,,,,,,,,,,歯科、小児歯科,0,,
131148,200000021,東京都,中野区,南中野小川歯科クリニック,ミナミナカノオガワシカクリニック,無床診療所,東京都中野区弥生町4-4-15,,35.688122,139.672623,03-3383-7096,,,,,,,,,,,歯科、矯正歯科、小児歯科,0,,
131148,200000022,東京都,中野区,すぎうら歯科,スギウラシカ,無床診療所,東京都中野区弥生町4-22-1,S.Kレジデンス,35.68639,139.670883,03-5342-4767,,,,,,,,,,,歯科、小児歯科,0,,
131148,200000023,東京都,中野区,やよい歯科,ヤヨイシカ,無床診療所,東京都中野区弥生町5-4-16,藤和中野弥生町コープ竹川ビル102号,35.686546,139.667328,03-6882-3421,,,,,,,,,,,歯科、小児歯科、歯科口腔外科,0,,
131148,200000024,東京都,中野区,なかの通り歯のクリニック,ナカノドオリハノクリニック,無床診療所,東京都中野区弥生町5-11-21,,35.688751,139.668671,03-6304-8756,,,,,,,,,,,歯科、小児歯科、歯科口腔外科、矯正歯科,0,,
131148,200000025,東京都,中野区,岡田歯科医院,オカダシカイイン,無床診療所,東京都中野区弥生町5-14-3,,35.687874,139.666473,03-3384-4182,,,,,,,,,,,歯科,0,,
131148,200000026,東京都,中野区,ふじみ歯科,フジミシカ,無床診療所,東京都中野区弥生町5-27-1,協和ビル参番館1-B号室,35.691051,139.667847,03-6304-8278,,,,,,,,,,,歯科、矯正歯科、小児歯科、歯科口腔外科,0,,
131148,200000027,東京都,中野区,ハーモニーウイング歯科,ハーモニーウイングシカ,無床診療所,東京都中野区本町1-32-4,ハーモニーウイング6階,35.695862,139.683975,03-5334-7890,,,,,,,,,,,歯科、矯正歯科、小児歯科、歯科口腔外科,0,,
131148,200000028,東京都,中野区,小林歯科クリニック,コバヤシシカクリニック,無床診療所,東京都中野区本町2-2-13,にったんビル2階,35.692657,139.681915,03-3320-1182,,,,,,,,,,,歯科,0,,
131148,200000029,東京都,中野区,小椋歯科クリニック,オグラシカクリニック,無床診療所,東京都中野区本町2-44-12,,35.69585,139.681686,03-5350-4888,,,,,,,,,,,歯科,0,,
131148,200000030,東京都,中野区,サンブライト歯科,サンブライトシカ,無床診療所,東京都中野区本町2-46-1,3階,35.695965,139.682465,03-5350-3565,,,,,,,,,,,歯科,0,,
131148,200000031,東京都,中野区,医療法人社団翠聖会　パール歯科医院,イリョウホウジンシャダンスイセイカイ　パールシカイイン,無床診療所,東京都中野区本町2-54-13,黒須ビル1階,35.697315,139.679108,03-3372-4447,,,,,,,,,,,歯科、矯正歯科、小児歯科、歯科口腔外科,0,,
131148,200000033,東京都,中野区,中村歯科,ナカムラシカ,無床診療所,東京都中野区本町3-27-17,,35.696522,139.678482,03-3376-8777,,,,,,,,,,,歯科,0,,
131148,200000034,東京都,中野区,伊井歯科クリニック,イイシカクリニック,無床診療所,東京都中野区本町4-5-10,102号,35.697506,139.67337,03-5340-6480,,,,,,,,,,,歯科、矯正歯科、小児歯科,0,,
131148,200000035,東京都,中野区,医療法人社団歯磨きワン　高野歯科クリニック,イリョウホウジンシャダンハミガキワン　タカノシカクリニック　,無床診療所,東京都中野区本町4-21-16,ウィン新中野203号,35.697247,139.671616,03-3383-4618,,,,,,,,,,,歯科、矯正歯科、小児歯科,0,,
131148,200000036,東京都,中野区,立花歯科医院,タチバナシカイイン,無床診療所,東京都中野区本町4-30-25,林ビル2階1号,35.69743,139.671066,03-3382-6480,,,,,,,,,,,歯科,0,,
131148,200000037,東京都,中野区,石井歯科医院,イシイシカイイン,無床診療所,東京都中野区本町4-38-18,ウイング新中野201,35.695808,139.669342,03-5385-0067,,,,,,,,,,,歯科,0,,
131148,200000038,東京都,中野区,中島歯科,ナカジマシカ,無床診療所,東京都中野区本町4-44-14,GSハイム新中野駅前201,35.697403,139.669983,03-3382-1704,,,,,,,,,,,歯科,0,,
131148,200000039,東京都,中野区,いわね歯科,イワネシカ,無床診療所,東京都中野区本町4-47-7,,35.697182,139.667923,03-5385-4184,,,,,,,,,,,歯科、矯正歯科、小児歯科、歯科口腔外科,0,,
131148,200000040,東京都,中野区,なかの新橋歯科クリニック,ナカノシンバシシカクリニック,無床診療所,東京都中野区本町5-3-2,1階,35.69318,139.674149,03-6382-5654,,,,,,,,,,,歯科口腔外科、小児歯科、矯正歯科、歯科,0,,
131148,200000041,東京都,中野区,本町５丁目歯科,ホンチョウゴチョウメシカ,無床診療所,東京都中野区本町5-39-10,Y.Kプラザ中野104号,35.692364,139.668671,03-5340-0697,,,,,,,,,,,歯科、小児歯科,0,,
131148,200000042,東京都,中野区,秋元歯科医院,アキモトシカイイン,無床診療所,東京都中野区本町5-48-12,,35.694191,139.668137,03-3381-4386,,,,,,,,,,,歯科、小児歯科、歯科口腔外科,0,,
131148,200000043,東京都,中野区,さくら歯科クリニック,サクラシカクリニック,無床診療所,東京都中野区本町6-12-13,,35.694855,139.667786,03-5328-8241,,,,,,,,,,,歯科、矯正歯科、小児歯科,0,,
131148,200000044,東京都,中野区,小林歯科医院,コバヤシシカイイン,無床診療所,東京都中野区本町6-16-5,,35.696648,139.665985,03-3381-9183,,,,,,,,,,,歯科,0,,
131148,200000045,東京都,中野区,長井歯科医院,ナガイシシカイイン,無床診療所,東京都中野区本町6-26-14,,35.696701,139.664413,03-3380-2371,,,,,,,,,,,歯科,0,,
131148,200000046,東京都,中野区,こだま歯科医院,コダマシシカイイン,無床診療所,東京都中野区中央1-13-8,大橋セントラルビル1階,35.701542,139.686768,03-3363-8241,,,,,,,,,,,歯科、矯正歯科、小児歯科、歯科口腔外科,0,,
131148,200000047,東京都,中野区,花岡歯科医院,ハナオカシシカイイン,無床診療所,東京都中野区中央1-24-1,,35.70116,139.686356,03-3363-0011,,,,,,,,,,,歯科,0,,
131148,200000048,東京都,中野区,ナオキ歯科クリニック,ナオキシカクリニック,無床診療所,東京都中野区中央1-35-1,,35.696613,139.685547,03-5389-5386,,,,,,,,,,,歯科,0,,
131148,200000049,東京都,中野区,中野坂上アクロスシティ歯科,ナカノサカウエアクロスシティシカ,無床診療所,東京都中野区中央1-38-1,,35.69735,139.68335,03-5348-8333,,,,,,,,,,,歯科、矯正歯科、小児歯科、歯科口腔外科,0,,
131148,200000050,東京都,中野区,アマリ歯科クリニック,アマリシカクリニック,無床診療所,東京都中野区中央2-1-2,中野坂上吉田ビル2階,35.697189,139.682388,03-3360-4618,,,,,,,,,,,歯科、矯正歯科、小児歯科、歯科口腔外科,0,,
131148,200000051,東京都,中野区,かとう歯科医院,カトウシカイイン,無床診療所,東京都中野区中央2-2-31,"中野NSB3階,5階",35.697567,139.682816,03-5330-1154,,,,,,,,,,,歯科、矯正歯科、小児歯科、歯科口腔外科,0,,
131148,200000052,東京都,中野区,歯科米沢医院,シカヨネザワイイン,無床診療所,東京都中野区中央2-4-1,GOビル,35.697376,139.680603,03-3364-6480,,,,,,,,,,,歯科,0,,
131148,200000053,東京都,中野区,岩田デンタルオフィス,イワタデンタルオフィス,無床診療所,東京都中野区中央2-48-2,岩田ビル201,35.697765,139.676849,03-5989-1215,,,,,,,,,,,歯科、歯科口腔外科、矯正歯科、小児歯科,0,,
131148,200000054,東京都,中野区,中野歯科医院,ナカノシカイイン,無床診療所,東京都中野区中央2-49-13,,35.698536,139.676239,03-3366-0382,,,,,,,,,,,歯科、矯正歯科、小児歯科,0,,
131148,200000055,東京都,中野区,宮下歯科クリニック,ミヤシタシカクリニック,無床診療所,東京都中野区中央2-58-20,ユーキンビル1階,35.701401,139.67836,03-3363-0518,,,,,,,,,,,歯科,0,,
131148,200000056,東京都,中野区,景山歯科医院,カゲヤマシカイイン,無床診療所,東京都中野区中央2-59-11,マンションヤマキビル1階,35.701843,139.675873,03-3367-3456,,,,,,,,,,,歯科、矯正歯科、小児歯科、歯科口腔外科,0,,
131148,200000057,東京都,中野区,高市歯科医院,タカイチシカイイン,無床診療所,東京都中野区中央3-1-3,シャンボール新中野1階,35.697796,139.675354,03-3365-1400,,,,,,,,,,,歯科、小児歯科,0,,
131148,200000058,東京都,中野区,医療法人社団滴翠会　山田歯科医院,イリョウホウジンシャダンテキスイカイ　ヤマダシカイイン,無床診療所,東京都中野区中央3-25-12,,35.698399,139.673706,03-3369-4020,,,,,,,,,,,歯科、矯正歯科、小児歯科、歯科口腔外科,0,,
131148,200000059,東京都,中野区,中城まり歯科,ナカジョウマリシカ,無床診療所,東京都中野区中央4-1-4,,35.697624,139.670212,03-6382-8241,,,,,,,,,,,歯科、矯正歯科、小児歯科,0,,
131148,200000060,東京都,中野区,医療法人社団晃香会　新中野歯科クリニック,イリョウホウジンシャダンコウカカイ　シンナカノシカクリニック　,無床診療所,東京都中野区中央4-5-2,ブルースカイ新中野2階,35.697552,139.667862,03-3382-9777,,,,,,,,,,,歯科、矯正歯科、小児歯科,0,,
131148,200000061,東京都,中野区,中野中央歯科診療室,ナカノチュウオウシカシンリョウシツ,無床診療所,東京都中野区中央4-15-9,,35.699738,139.669113,03-3383-0002,,,,,,,,,,,歯科、矯正歯科、小児歯科,0,,
131148,200000062,東京都,中野区,前原歯科医院,マエハラシカイイン,無床診療所,東京都中野区中央4-39-10,,35.701218,139.671585,03-3381-7816,,,,,,,,,,,歯科,0,,
131148,200000063,東京都,中野区,森山歯科医院,モリヤマシカイイン,無床診療所,東京都中野区中央4-53-3,中野第ⅡOSビル1階,35.702789,139.667908,03-3381-5939,,,,,,,,,,,歯科,0,,
131148,200000064,東京都,中野区,中野駅南歯科クリニック,ナカノエキミナミシカクリニック,無床診療所,東京都中野区中央4-60-3,銀座ルノアールビル1階,35.702938,139.666168,03-6382-6480,,,,,,,,,,,歯科、矯正歯科、小児歯科、歯科口腔外科,0,,
131148,200000065,東京都,中野区,エレ矯正歯科医院,エレキョウセイシカイイン,無床診療所,東京都中野区中央5-6-7,,35.697979,139.665955,03-3381-1112,,,,,,,,,,,矯正歯科,0,,
131148,200000066,東京都,中野区,中央５丁目歯科医院,チュウオウゴチョウメシカイイン,無床診療所,東京都中野区中央5-10-3,MTビル1階,35.697521,139.66481,03-5385-3458,,,,,,,,,,,歯科,0,,
131148,200000067,東京都,中野区,高津歯科クリニック,タカツシカクリニック,無床診療所,東京都中野区中央5-39-11,青柳ビル2階,35.700775,139.667007,03-5385-8733,,,,,,,,,,,歯科、小児歯科,0,,
131148,200000068,東京都,中野区,エス歯科クリニック,エスシカクリニック,無床診療所,東京都中野区中央5-39-14,メイゾン中野1階,35.700394,139.667145,03-6454-1701,,,,,,,,,,,歯科、矯正歯科、小児歯科、歯科口腔外科,0,,
131148,200000069,東京都,中野区,桃園なかの歯科クリニック,モモゾノナカノシカクリニック,無床診療所,東京都中野区中央5-40-18,キャピトル丸山1階　101号,35.701031,139.666931,03-6382-6110,,,,,,,,,,,歯科、矯正歯科、小児歯科,0,,
131148,200000070,東京都,中野区,いぐみ歯科矯正歯科,イグミシカキョウセイシカ,無床診療所,東京都中野区中央5-49-6,松田ビル2階,35.702396,139.665436,03-6382-6567,,,,,,,,,,,歯科、矯正歯科、小児歯科、歯科口腔外科,0,,
131148,200000071,東京都,中野区,佐川歯科,サガワシカ,無床診療所,東京都中野区東中野1-4-7,,35.702065,139.685394,03-3371-6480,,,,,,,,,,,歯科、矯正歯科、小児歯科,0,,
131148,200000072,東京都,中野区,さくら歯科医院,サクラシカイイン,無床診療所,東京都中野区東中野1-15-6,太田ビル1階,35.702843,139.685608,03-3366-5789,,,,,,,,,,,歯科、小児歯科、歯科口腔外科,0,,
131148,200000073,東京都,中野区,医療法人社団歯優会　東中野歯科クリニック,イリョウホウジンシャダンシユウカイ ヒガシナカノシカクリニック,無床診療所,東京都中野区東中野1-32-5,K’s　Cort山手2階,35.704845,139.682739,03-3367-1464,,,,,,,,,,,歯科、矯正歯科、小児歯科,0,,
131148,200000074,東京都,中野区,羽生歯科医院,ハニュウシカイイン,無床診療所,東京都中野区東中野1-37-9,,35.70459,139.686127,03-3361-4991,,,,,,,,,,,歯科,0,,
131148,200000075,東京都,中野区,杵渕歯科医院,キネブチシカイイン,無床診療所,東京都中野区東中野1-50-2,オクト森ビル2階,35.705627,139.686264,03-5386-7191,,,,,,,,,,,歯科、矯正歯科、歯科口腔外科,0,,
131148,200000076,東京都,中野区,医療法人社団翔舞会　エムズ歯科クリニック,イリョウホウジンシャダンショウブカイ　エムズシカクリニック,無床診療所,東京都中野区東中野1-51-1,JR東中野駅東口ビル2階,35.706009,139.686325,03-5338-3737,,,,,,,,,,,歯科、矯正歯科、小児歯科、歯科口腔外科,0,,
131148,200000077,東京都,中野区,しおん歯科医院,シオンシカイイン,無床診療所,東京都中野区東中野1-54-6,,35.705872,139.684753,03-3360-3310,,,,,,,,,,,歯科,0,,
131148,200000078,東京都,中野区,堀歯科診療所,ホリシカシンリョウジョ,無床診療所,東京都中野区東中野2-22-20,ホシノ第2ビル1階,35.704994,139.682343,03-3366-6480,,,,,,,,,,,歯科、小児歯科、歯科口腔外科,0,,
131148,200000079,東京都,中野区,斉藤歯科医院,サイトウシカイイン,無床診療所,東京都中野区東中野2-26-3,,35.705872,139.68222,03-3368-8620,,,,,,,,,,,歯科,0,,
131148,200000080,東京都,中野区,医療法人社団伸永会　原歯科医院,イリョウホウジンシャダンシンエイカイ　ハラシカイイン,無床診療所,東京都中野区東中野2-27-7,"メディカルコートⅠ　2階‐201号室,203号室",35.705921,139.681351,03-3366-5623,,,,,,,,,,,歯科、矯正歯科、小児歯科、歯科口腔外科,0,,
131148,200000081,東京都,中野区,あみなか歯科クリニック,アミナカシカクリニック,無床診療所,東京都中野区東中野3-1-1,寛栄ビル4階,35.706429,139.682602,03-3368-0418,,,,,,,,,,,歯科、矯正歯科、小児歯科,0,,
131148,200000082,東京都,中野区,タカシデンタルクリニック,タカシデンタルクリニック,無床診療所,東京都中野区東中野3-2-5,,35.706371,139.680801,03-3371-0624,,,,,,,,,,,歯科、小児歯科,0,,
131148,200000083,東京都,中野区,熊谷歯科医院,クマガイシカイイン,無床診療所,東京都中野区東中野3-6-2,ヴィラ・ルミエール105,35.707722,139.6819,03-3371-0844,,,,,,,,,,,歯科,0,,
131148,200000084,東京都,中野区,ふじまき歯科,フジマキシカ,無床診療所,東京都中野区東中野3-7-25,,35.707321,139.682343,03-3369-2310,,,,,,,,,,,歯科,0,,
131148,200000085,東京都,中野区,医療法人社団仁慈会　ホワイトデンタルクリニック,イリョウホウジンシャダンジンジカイ ホワイトデンタルクリニック　　,無床診療所,東京都中野区東中野3-8-13,,35.707405,139.683136,03-3366-3636,,,,,,,,,,,歯科、矯正歯科、小児歯科、歯科口腔外科,0,,
131148,200000086,東京都,中野区,医療法人社団仁晟会　キッズ＆ファミリー歯科,イリョウホウジンシャダンジンセイカイ　キッズ＆ファミリーシカ,無床診療所,東京都中野区東中野3-8-16,東中野エンジェルビル2階201号室,35.707016,139.682968,03-5937-1918,,,,,,,,,,,歯科、矯正歯科、小児歯科、歯科口腔外科,0,,
131148,200000087,東京都,中野区,石川歯科医院,イシカワシカイイン,無床診療所,東京都中野区東中野3-10-12,,35.708282,139.683533,03-3361-2005,,,,,,,,,,,歯科,0,,
131148,200000088,東京都,中野区,篠田歯科,シノダシカ,無床診療所,東京都中野区東中野3-16-9,青林堂ハウス1階,35.708809,139.681473,03-3368-8050,,,,,,,,,,,歯科、矯正歯科、小児歯科、歯科口腔外科,0,,
131148,200000089,東京都,中野区,医療法人社団仁晟会　桜山デンタルクリニック,イリョウホウジンシャダンジンセイカイ　サクラヤマデンタルクリニック　,無床診療所,東京都中野区東中野3-16-23,アーサメイジャー201号,35.709911,139.682632,03-5332-9086,,,,,,,,,,,歯科、矯正歯科、小児歯科、歯科口腔外科,0,,
131148,200000090,東京都,中野区,まつもと歯科医院,マツモトシカイイン,無床診療所,東京都中野区東中野3-17-14,,35.709091,139.681168,03-5937-0083,,,,,,,,,,,歯科、矯正歯科、小児歯科、歯科口腔外科,0,,
131148,200000091,東京都,中野区,前島歯科医院,マエジマシカイイン,無床診療所,東京都中野区東中野3-21-3,,35.707829,139.680374,03-3361-7450,,,,,,,,,,,歯科,0,,
131148,200000092,東京都,中野区,山内歯科医院,ヤマウチシカイイン,無床診療所,東京都中野区東中野4-4-3,山内ビル2F,35.706444,139.684235,03-3361-0526,,,,,,,,,,,歯科、矯正歯科、小児歯科,0,,
131148,200000093,東京都,中野区,中尾歯科医院,ナカオシカイイン,無床診療所,東京都中野区東中野4-5-24,,35.706917,139.684647,03-6885-4371,,,,,,,,,,,歯科、矯正歯科、小児歯科、歯科口腔外科,0,,
131148,200000094,東京都,中野区,医療法人社団健幸会　安藤歯科クリニック,イリョウホウジンシャダンケンコウカイ　アンドウシカクリニック,無床診療所,東京都中野区東中野4-6-2,和興東中野ビル2階,35.707718,139.683533,03-3362-2388,,,,,,,,,,,歯科,0,,
131148,200000095,東京都,中野区,アップル歯科医院,アップルシカイイン,無床診療所,東京都中野区東中野4-9-24,,35.707497,139.686035,03-5937-5637,,,,,,,,,,,歯科、矯正歯科、小児歯科、歯科口腔外科,0,,
131148,200000096,東京都,中野区,和田歯科医院,ワダシカイイン,無床診療所,東京都中野区東中野4-10-14,,35.708309,139.686172,03-3361-3740,,,,,,,,,,,歯科、歯科口腔外科,0,,
131148,200000097,東京都,中野区,小池歯科クリニック,コイケシカクリニック,無床診療所,東京都中野区東中野4-27-33,エムエス東中野3階,35.710888,139.689194,03-5338-8241,,,,,,,,,,,歯科、小児歯科、歯科口腔外科,0,,
131148,200000098,東京都,中野区,ユニゾンデンタルオフィス,ユニゾンデンタルオフィス,無床診療所,東京都中野区東中野5-1-1,ユニゾンモール3階C区画,35.706509,139.686829,03-5389-8686,,,,,,,,,,,歯科、矯正歯科、小児歯科、歯科口腔外科,0,,
131148,200000099,東京都,中野区,いわし歯科,イワシシカ,無床診療所,東京都中野区東中野5-3-1,関口ビル1階,35.706463,139.686462,03-5337-8241,,,,,,,,,,,歯科、小児歯科、歯科口腔外科,0,,
131148,200000100,東京都,中野区,医療法人社団翔舞会　エムズ歯科　予防・口腔ケアクリニック,イリョウホウジンシャダンショウブカイ　エムズシカ　ヨボウ・コウクウケアクリニック　,無床診療所,東京都中野区東中野5-4-7,三喜ビル1階,35.707539,139.686203,03-6304-0190,,,,,,,,,,,歯科、矯正歯科、小児歯科、歯科口腔外科,0,,
131148,200000101,東京都,中野区,立浪歯科クリニック,タツナミシカクリニック,無床診療所,東京都中野区東中野5-5-2,,35.707489,139.686996,03-3371-8241,,,,,,,,,,,歯科,0,,
131148,200000102,東京都,中野区,松葉歯科医院,マツバシカイイン,無床診療所,東京都中野区東中野5-5-10,東中野RHS304,35.708126,139.686493,03-5937-1464,,,,,,,,,,,歯科、矯正歯科、小児歯科,0,,
131148,200000103,東京都,中野区,原歯科室,ハラシカシツ,無床診療所,東京都中野区中野1-62-2,,35.705406,139.674103,03-3365-0648,,,,,,,,,,,歯科,0,,
131148,200000104,東京都,中野区,エイジ歯科,エイジシカ,無床診療所,東京都中野区中野2-11-2,サン中野マンション1階,35.705322,139.668854,03-5341-3351,,,,,,,,,,,歯科、矯正歯科、小児歯科,0,,
131148,200000105,東京都,中野区,ヒロデンタルオフィス,ヒロデンタルオフィス,無床診療所,東京都中野区中野2-12-9,高田ビル3階,35.705315,139.667786,03-5385-8550,,,,,,,,,,,歯科、矯正歯科、歯科口腔外科,0,,
131148,200000106,東京都,中野区,岡歯科医院,オカシカイイン,無床診療所,東京都中野区中野2-13-23,,35.705177,139.668671,03-3381-7555,,,,,,,,,,,歯科、矯正歯科、小児歯科、歯科口腔外科,0,,
131148,200000107,東京都,中野区,横山歯科診療所,ヨコヤマシカシンリョウジョ,無床診療所,東京都中野区中野2-16-26,,35.704094,139.669037,03-3381-6764,,,,,,,,,,,歯科、矯正歯科、小児歯科,0,,
131148,200000108,東京都,中野区,青木歯科クリニック,アオキシカクリニック,無床診療所,東京都中野区中野2-25-3,,35.704781,139.666061,03-3384-2822,,,,,,,,,,,歯科、矯正歯科、小児歯科、歯科口腔外科,0,,
131148,200000109,東京都,中野区,西原デンタルオフィス,ニシハラデンタルオフィス,無床診療所,東京都中野区中野2-25-6,ノイビル2階,35.705181,139.666168,03-3229-1182,,,,,,,,,,,歯科、矯正歯科、歯科口腔外科,0,,
131148,200000110,東京都,中野区,医療法人社団練廣会　松山デンタルオフィス　中野,,無床診療所,東京都中野区中野2-30-3,マルニビル６F,35.704193,139.665573,03-5342-0522,,,,,,,,,,,歯科、矯正歯科、小児歯科、歯科口腔外科,0,,旧名称：松山デンタルオフィス　中野、旧方書：マルニビル6階
131148,200000111,東京都,中野区,りば－すデンタルクリニック,リバースデンタルクリニック,無床診療所,東京都中野区中野3-2-1,リバ－ス中野201,35.700367,139.66362,03-5340-3621,,,,,,,,,,,歯科、小児歯科,0,,
131148,200000112,東京都,中野区,桃園通り村上歯科医院,モモゾノドオリムラカミシカイイン,無床診療所,東京都中野区中野3-27-15,クヒオハイツ1階,35.704033,139.663803,03-6382-8618,,,,,,,,,,,歯科、矯正歯科、小児歯科、歯科口腔外科,0,,
131148,200000113,東京都,中野区,医療法人社団真波会　マナミ歯科クリニック,イリョウホウジンシャダンマナミカイ　マナミシカクリニック,無床診療所,東京都中野区中野3-30-12,中野ソレイユ1階・3階,35.701965,139.665161,03-5385-0977,,,,,,,,,,,歯科、小児歯科、歯科口腔外科,0,,
131148,200000114,東京都,中野区,歯科仲井診療所,シカカナカイシンリョウジョ,無床診療所,東京都中野区中野3-31-7,,35.702698,139.665375,03-3382-8818,,,,,,,,,,,歯科、矯正歯科、小児歯科、歯科口腔外科,0,,
131148,200000115,東京都,中野区,おおた歯科クリニック,オオタシカクリニック,無床診療所,東京都中野区中野3-33-7,メゾンニューライフ1階,35.703384,139.665024,03-3384-6505,,,,,,,,,,,歯科、矯正歯科、小児歯科,0,,
131148,200000116,東京都,中野区,ジョージ歯科,ジョージシカ,無床診療所,東京都中野区中野3-34-31,大橋ビル3階,35.704308,139.665359,03-3384-1384,,,,,,,,,,,歯科,0,,
131148,200000117,東京都,中野区,医療法人社団峰瑛会　中野ニュークリア歯科,イリョウホウジンシャダンホウエイカイ　ナカノニュークリアシカ,無床診療所,東京都中野区中野3-36-15,ニュークリアビル6階,35.705322,139.665298,03-3380-8234,,,,,,,,,,,歯科、小児歯科,0,,
131148,200000118,東京都,中野区,まさみデンタルクリニック,マサミデンタルクリニック,無床診療所,東京都中野区中野4-2-1,中野サンキビル4階,35.708439,139.664795,03-3388-8383,,,,,,,,,,,歯科,0,,
131148,200000119,東京都,中野区,エースデンタルクリニック,エースデンタルクリニック,無床診療所,東京都中野区中野4-3-1,中野サンクオーレ商業施設棟203号,35.708858,139.66452,03-6382-8068,,,,,,,,,,,歯科、矯正歯科、歯科口腔外科,0,,
131148,200000120,東京都,中野区,医療法人社団因幡会　中野セントラルパークデンタルオフィス,イリョウホウジンシャダンインバカイ　ナカノセントラルパークデンタルオフィス,無床診療所,東京都中野区中野4-10-2,NAKANO CENTRAL PARK SOUTH,35.70734,139.661957,03-5318-6480,,,,,,,,,,,歯科、矯正歯科、小児歯科、歯科口腔外科,0,,
131148,200000121,東京都,中野区,クリスタ歯科,クリスタシカ,無床診療所,東京都中野区中野5-23-10,クリスタビル2階,35.70961,139.670151,03-6454-0560,,,,,,,,,,,歯科、小児歯科,0,,
131148,200000122,東京都,中野区,医療法人社団若桐会　林歯科医院,イリョウホウジンシャダンワカギリカイ　ハヤシシカイイン,無床診療所,東京都中野区中野5-30-6,昭和中野コーポ209,35.706242,139.668747,03-3387-1354,,,,,,,,,,,歯科,0,,
131148,200000123,東京都,中野区,吉永歯科医院,ヨシナガシカイイン,無床診療所,東京都中野区中野5-30-19,,35.706432,139.669449,03-3387-0118,,,,,,,,,,,歯科,0,,
131148,200000124,東京都,中野区,ちびっこ歯科,チビッコシカ,無床診療所,東京都中野区中野5-32-25,浜谷第二ビル2階,35.706745,139.668289,03-3387-6790,,,,,,,,,,,歯科,0,,
131148,200000125,東京都,中野区,ＫＵＭＡデンタルクリニック,クマデンタルクリニック,無床診療所,東京都中野区中野5-35-8,新東京アパート1階,35.707195,139.666626,03-3228-8241,,,,,,,,,,,歯科、歯科口腔外科,0,,
131148,200000126,東京都,中野区,五十嵐歯科,イガラシシカ,無床診療所,東京都中野区中野5-37-17,佐藤方1階,35.707993,139.667801,03-3389-5150,,,,,,,,,,,歯科,0,,
131148,200000127,東京都,中野区,太田歯科,オオタシカ,無床診療所,東京都中野区中野5-42-1,,35.709576,139.667664,03-3388-8148,,,,,,,,,,,歯科,0,,
131148,200000128,東京都,中野区,田中歯科医院,タナカシカイイン,無床診療所,東京都中野区中野5-52-15,中野ブロードウェイ410号,35.709923,139.665665,03-3387-6850,,,,,,,,,,,歯科,0,,
131148,200000129,東京都,中野区,医療法人社団愛育　愛育歯科診療所,イリョウホウジンシャダンアイイク　アイイクシカシンリョウジョ,無床診療所,東京都中野区中野5-52-15,ブロードウェイ482号,35.709923,139.665665,03-3385-9392,,,,,,,,,,,歯科、矯正歯科、小児歯科,0,,
131148,200000130,東京都,中野区,町田歯科,マチダシカ,無床診療所,東京都中野区中野5-59-8,湯澤ビル3階,35.707817,139.665649,03-3389-1727,,,,,,,,,,,歯科,0,,
131148,200000131,東京都,中野区,中野矯正歯科診療所,ナカノキョウセイシカシンジョウジョ,無床診療所,東京都中野区中野5-64-5,サンピオーネビル6階,35.706882,139.665359,03-3387-2151,,,,,,,,,,,矯正歯科,0,,
131148,200000132,東京都,中野区,酒井歯科医院,サカイシカイイン,無床診療所,東京都中野区中野5-65-5,豊島興業ビル5階,35.707317,139.665314,03-3388-6482,,,,,,,,,,,歯科,0,,
131148,200000133,東京都,中野区,こばやし歯科医院,コバヤシシカイイン,無床診療所,東京都中野区中野5-66-3,木村ビル3階,35.707573,139.665283,03-3388-7887,,,,,,,,,,,歯科、歯科口腔外科,0,,
131148,200000134,東京都,中野区,医療法人社団　おきとう矯正歯科,イリョウホウジンシャダン　オキトウキョウセイシカ,無床診療所,東京都中野区中野5-66-4,東京風月堂中野ビル3階,35.707741,139.665268,03-3389-8758,,,,,,,,,,,歯科、矯正歯科、小児歯科,0,,
131148,200000136,東京都,中野区,天野歯科クリニック,アマノシカクリニック,無床診療所,東京都中野区中野5-68-1,高山ビル3階,35.7085,139.665283,03-3385-9123,,,,,,,,,,,歯科、矯正歯科,0,,
131148,200000137,東京都,中野区,一般社団法人東京都中野区歯科医師会　スマイル歯科診療所,イッパンシャダンホウジントウキョウトナカノクシカイシカイ　スマイルシカシンリョウジョ,無床診療所,東京都中野区中野5-68-7,中野区社会福祉会館7階,35.709251,139.665131,03-5380-0334,,,,,,,,,,,歯科、小児歯科,0,,
131148,200000138,東京都,中野区,大石歯科クリニック,オオイシシカクリニック,無床診療所,東京都中野区中野6-28-8,,35.707474,139.672699,03-3360-1270,,,,,,,,,,,歯科,0,,
131148,200000140,東京都,中野区,医療法人社団慧正会　ねぎしデンタルクリニック,イリョウホウジンシャダンケイセイカイ　ネギシデンタルクリニック　,無床診療所,東京都中野区上高田2-1-5,ルピナス中野101,35.709366,139.672226,03-3385-4142,,,,,,,,,,,歯科,0,,
131148,200000141,東京都,中野区,榎本歯科医院,エノモトシカイイン,無床診療所,東京都中野区上高田2-16-15,,35.712608,139.674011,03-5343-1180,,,,,,,,,,,歯科、小児歯科,0,,
131148,200000142,東京都,中野区,医療法人社団俊栄会　Ａ－ＯＮＥ歯科クリニック,イリョウホウジンシャダンシュンエイカイ　エーワンシカクリニック,無床診療所,東京都中野区上高田2-57-3,サンシャイン富士1階,35.71402,139.669403,03-5345-6503,,,,,,,,,,,歯科、矯正歯科、小児歯科、歯科口腔外科,0,,
131148,200000143,東京都,中野区,かりや歯科,カリヤシカ,無床診療所,東京都中野区上高田3-33-11,オキサリス中野1階,35.714977,139.670456,03-3387-6457,,,,,,,,,,,歯科;矯正歯科;小児歯科;歯科口腔外科,0,,旧：NO.200000143 医療法人社団愛泉会　たんぽぽ歯科クリニック中野分室
131148,200000144,東京都,中野区,新井薬師駅前歯科・こども歯科,アライヤクシエキマエシカ・コドモシカ,無床診療所,東京都中野区上高田3-39-13,,35.715466,139.671906,03-5942-7164,,,,,,,,,,,歯科、矯正歯科、小児歯科、歯科口腔外科,0,,
131148,200000145,東京都,中野区,ファースト歯科医院,ファーストシカイイン,無床診療所,東京都中野区上高田3-40-10,,35.715549,139.671753,03-3385-3911,,,,,,,,,,,歯科、小児歯科,0,,
131148,200000146,東京都,中野区,ふじい歯科医院,フジイシカイイン,無床診療所,東京都中野区上高田3-41-8,藤井ビル3階,35.715717,139.671844,03-3388-1515,,,,,,,,,,,歯科,0,,
131148,200000147,東京都,中野区,アポロ歯科診療所,アポロシカシンリョウジョ,無床診療所,東京都中野区上高田4-15-4,,35.712204,139.677917,03-3386-0023,,,,,,,,,,,歯科,0,,
131148,200000148,東京都,中野区,清田歯科医院,キヨタシカイイン,無床診療所,東京都中野区上高田5-4-11,,35.716743,139.677216,03-3386-4071,,,,,,,,,,,歯科,0,,
131148,200000149,東京都,中野区,いいじま歯科医院,イイジマシカイイン,無床診療所,東京都中野区上高田5-20-1,,35.717209,139.67691,03-3389-0643,,,,,,,,,,,歯科、小児歯科、歯科口腔外科,0,,
131148,200000150,東京都,中野区,佐竹歯科クリニック,サタケシカクリニック,無床診療所,東京都中野区新井1-1-5,中央マンション208,35.709846,139.669601,03-3387-8866,,,,,,,,,,,歯科,0,,
131148,200000151,東京都,中野区,レオパレスビル　デンタルクリニック,レオパレスビル　デンタルクリニック,無床診療所,東京都中野区新井1-8-8,レオパレスビル4階,35.710205,139.666748,03-3388-2219,,,,,,,,,,,歯科、矯正歯科、小児歯科、歯科口腔外科,0,,
131148,200000152,東京都,中野区,安田歯科医院,ヤスダシカイイン,無床診療所,東京都中野区新井1-11-7,,35.710693,139.665329,03-3386-2789,,,,,,,,,,,歯科、矯正歯科,0,,
131148,200000153,東京都,中野区,小西歯科医院,コニシシカイイン,無床診療所,東京都中野区新井1-21-8,,35.711594,139.667679,03-3386-0234,,,,,,,,,,,歯科,0,,
131148,200000155,東京都,中野区,三戸歯科医院,ミトシカイイン,無床診療所,東京都中野区新井1-37-10,幸ビル1階,35.713085,139.666931,03-3319-3989,,,,,,,,,,,歯科、矯正歯科、小児歯科,0,,
131148,200000156,東京都,中野区,医療法人社団幸友会　中野デンタルクリニック,イリョウホウジンシャダンコウユウカイ　ナカノデンタルクリニック,無床診療所,東京都中野区新井2-1-1,ランドコープビル2階、5階、6階,35.710033,139.664719,03-5318-0550,,,,,,,,,,,歯科、矯正歯科、歯科口腔外科,0,,旧方書：ランドコープビル2階
131148,200000157,東京都,中野区,ＭＡＹＵＭＩ矯正歯科クリニック,マユミキョウセイシカクリニック,無床診療所,東京都中野区新井2-1-10,,35.711189,139.664719,03-6454-0418,,,,,,,,,,,矯正歯科,0,,
131148,200000158,東京都,中野区,大橋歯科医院,オオハシシカイイン,無床診療所,東京都中野区新井2-25-4,,35.711658,139.663681,03-3386-3444,,,,,,,,,,,歯科、小児歯科,0,,
131148,200000159,東京都,中野区,沼崎歯科医院,ヌマザキシカイイン,無床診療所,東京都中野区新井2-46-1,クレッシェンドUHR1F,35.709972,139.661972,03-3228-7731,,,,,,,,,,,歯科、小児歯科,0,,
131148,200000160,東京都,中野区,山本歯科医院,ヤマモトシカイイン,無床診療所,東京都中野区新井4-13-10,,35.715275,139.66597,03-6454-0116,,,,,,,,,,,歯科,0,,
131148,200000161,東京都,中野区,あおい歯科クリニック,アオイシカクリニック,無床診療所,東京都中野区新井5-8-11,グレースアイビー1階,35.713936,139.669037,03-5942-9208,,,,,,,,,,,歯科、矯正歯科、小児歯科,0,,
131148,200000162,東京都,中野区,大竹歯科医院,オオタケシカイイン,無床診療所,東京都中野区新井5-16-7,,35.71521,139.669662,03-3385-3060,,,,,,,,,,,歯科,0,,
131148,200000163,東京都,中野区,愛育歯科新井,アイイクシカアライ,無床診療所,東京都中野区新井5-25-5,林ビル1階,35.715553,139.670853,03-5942-9070,,,,,,,,,,,歯科、矯正歯科、小児歯科,0,,
131148,200000164,東京都,中野区,宮川歯科診療所,ミヤガワシカシンリョウジョ,無床診療所,東京都中野区沼袋1-1-7,,35.717827,139.667343,03-5380-3666,,,,,,,,,,,歯科,0,,
131148,200000165,東京都,中野区,サエグサ歯科医院,サエグサシカイイン,無床診療所,東京都中野区沼袋1-7-13,,35.718975,139.664215,03-3385-3751,,,,,,,,,,,歯科、矯正歯科,0,,
131148,200000166,東京都,中野区,新井歯科クリニック,アライシカクリニック,無床診療所,東京都中野区沼袋1-36-3,タウンセンタービル沼袋2階,35.719654,139.663437,03-3228-4618,,,,,,,,,,,歯科、矯正歯科、小児歯科、歯科口腔外科,0,,
131148,200000167,東京都,中野区,医療法人社団三優会　優歯科クリニック沼袋,イリョウホウジンシャダンサンユウカイユウシカクリニックヌマブクロ,無床診療所,東京都中野区沼袋1-36-5,HSビル301号,35.71991,139.663254,03-3228-5470,,,,,,,,,,,歯科、矯正歯科、小児歯科,0,,
131148,200000168,東京都,中野区,松尾歯科医院,マツオシカイイン,無床診療所,東京都中野区沼袋1-39-3,,35.719749,139.663971,03-3386-5820,,,,,,,,,,,歯科,0,,
131148,200000169,東京都,中野区,医療法人社団ペリオ会　宮田歯科医院,イリョウホウジンシャダンペリオカイ　ミヤタシカイイン,無床診療所,東京都中野区沼袋1-44-2,,35.720592,139.663559,03-3386-6605,,,,,,,,,,,歯科、矯正歯科、小児歯科,0,,
131148,200000170,東京都,中野区,神戸歯科医院,カンベシカイイン,無床診療所,東京都中野区沼袋2-10-7,,35.722668,139.667236,03-3386-0648,,,,,,,,,,,歯科、矯正歯科、小児歯科、歯科口腔外科,0,,
131148,200000171,東京都,中野区,こしだ歯科医院,コシダシカイイン,無床診療所,東京都中野区沼袋2-30-6,Kビル1階,35.721954,139.662827,03-3387-4188,,,,,,,,,,,歯科、小児歯科,0,,
131148,200000172,東京都,中野区,南口歯科,ミナミグチシカ,無床診療所,東京都中野区沼袋3-4-19,みかげマンション207号,35.719093,139.663483,03-5343-4618,,,,,,,,,,,歯科、矯正歯科、小児歯科,0,,
131148,200000174,東京都,中野区,沼袋ソレイユ歯科・矯正歯科,ヌマブクロソレイユシカ・キョウセイシカ,無床診療所,東京都中野区沼袋4-29-1,セイワハウス沼袋1階,35.722237,139.662659,03-5942-9280,,,,,,,,,,,歯科、矯正歯科、小児歯科、歯科口腔外科,0,,
131148,200000175,東京都,中野区,あつみ歯科,アツミシカ,無床診療所,東京都中野区沼袋4-34-10,,35.722923,139.661499,03-3319-0835,,,,,,,,,,,歯科,0,,
131148,200000176,東京都,中野区,あゆざわ歯科医院,アユザワシカイイン,無床診療所,東京都中野区松が丘1-14-1‐109,,35.717026,139.672195,03-3228-2023,,,,,,,,,,,歯科;小児歯科,0,,旧診療科目：歯科
131148,200000177,東京都,中野区,中島歯科医院,ナカジマシカシカイイン,無床診療所,東京都中野区松が丘1-17-2,106,35.717945,139.672562,03-3388-0189,,,,,,,,,,,歯科、小児歯科、歯科口腔外科,0,,
131148,200000178,東京都,中野区,竹村歯科クリニック,タケムラシカクリニック,無床診療所,東京都中野区松が丘1-33-15,アリススポーツクラブ1階,35.721054,139.672394,03-3319-8239,,,,,,,,,,,歯科,0,,
131148,200000179,東京都,中野区,コンデンタルクリニック,コンデンタルクリニック,無床診療所,東京都中野区松が丘2-2-12,,35.718235,139.669601,03-3389-0118,,,,,,,,,,,歯科、矯正歯科、小児歯科、歯科口腔外科,0,,
131148,200000180,東京都,中野区,さくら歯科新江古田,サクラシカシンエゴタ,無床診療所,東京都中野区江原町2-14-18,,35.729626,139.6716,03-3950-4488,,,,,,,,,,,歯科、小児歯科,0,,
131148,200000181,東京都,中野区,医療法人社団仁聖会　さわだ歯科,イリョウホウジンシャダンジンセイカイ　サワダシカ,無床診療所,東京都中野区江原町2-25-1,,35.731064,139.670883,03-3950-3577,,,,,,,,,,,歯科,0,,
131148,200000182,東京都,中野区,医療法人社団翔誠会　新江古田こばやし歯科クリニック,イリョウホウジンシャダンショウセイカイ　シンエゴタコバヤシシカクリニック,無床診療所,東京都中野区江原町2-31-7,"若月ビル1階,2階",35.732723,139.669617,03-6914-4188,,,,,,,,,,,歯科、矯正歯科、小児歯科、歯科口腔外科,0,,
131148,200000183,東京都,中野区,ちごの歯科,チゴノシカ,無床診療所,東京都中野区江原町3-13-3,,35.731506,139.674469,03-3952-8847,,,,,,,,,,,歯科、小児歯科、歯科口腔外科,0,,
131148,200000184,東京都,中野区,江古田歯科クリニック,エゴタシカクリニック,無床診療所,東京都中野区江古田2-19-8‐101,,35.726978,139.665741,03-3389-6350,,,,,,,,,,,歯科,0,,
131148,200000185,東京都,中野区,石井歯科クリニック,イシイシカクリニック,無床診療所,東京都中野区江古田3-2-11,,35.727638,139.670212,03-3389-8648,,,,,,,,,,,歯科、小児歯科,0,,
131148,200000186,東京都,中野区,ヤマザキ歯科,ヤマザキシカ,無床診療所,東京都中野区江古田3-5-5,江古田パレス101,35.725918,139.668564,03-3387-8233,,,,,,,,,,,歯科、小児歯科,0,,
131148,200000187,東京都,中野区,医療法人社団　田中歯科クリニック,イリョウホウジンシャダン　タナカシカクリニック,無床診療所,東京都中野区江古田4-2-3,,35.723946,139.665054,03-5380-3640,,,,,,,,,,,歯科、矯正歯科、小児歯科,0,,
131148,200000188,東京都,中野区,ゆかり歯科,ユカリシカ,無床診療所,東京都中野区江古田4-6-3,リバプール江古田ビル2階,35.723904,139.662933,03-3385-1117,,,,,,,,,,,歯科,0,,
131148,200000189,東京都,中野区,葉山歯科クリニック,ハヤマシカクリニック,無床診療所,東京都中野区丸山1-1-2,高崎ビル1階,35.722885,139.657639,03-5380-3678,,,,,,,,,,,歯科、矯正歯科、小児歯科、歯科口腔外科,0,,
131148,200000190,東京都,中野区,かわい歯科クリニック,カワイシカクリニック,無床診療所,東京都中野区丸山2-3-3,サンブリッジ1階,35.723125,139.652786,03-3339-3455,,,,,,,,,,,歯科、小児歯科,0,,
131148,200000191,東京都,中野区,奥田歯科医院,オクダシカイイン,無床診療所,東京都中野区丸山2-24-1,,35.723656,139.650436,03-3339-9288,,,,,,,,,,,歯科,0,,
131148,200000192,東京都,中野区,落合歯科医院,オチアイシカイイン,無床診療所,東京都中野区野方1-9-16,,35.71167,139.660172,03-3385-3434,,,,,,,,,,,歯科,0,,
131148,200000193,東京都,中野区,野方歯科,ノガタシカ,無床診療所,東京都中野区野方1-14-9,,35.713253,139.659927,03-3385-8702,,,,,,,,,,,歯科,0,,
131148,200000194,東京都,中野区,つつじデンタルクリニック,ツツジデンタルクリニック,無床診療所,東京都中野区野方1-42-3,カーサコテーリオ中野101号,35.70982,139.655685,03-5343-7830,,,,,,,,,,,歯科、小児歯科,0,,
131148,200000195,東京都,中野区,はいばら歯科医院,ハイバラシカイイン,無床診療所,東京都中野区野方3-15-14,,35.718796,139.65593,03-3385-6480,,,,,,,,,,,歯科、矯正歯科、小児歯科,0,,
131148,200000196,東京都,中野区,橋本歯科医院,ハシモトシカイイン,無床診療所,東京都中野区野方3-18-19,,35.717335,139.65596,03-3389-2823,,,,,,,,,,,歯科,0,,
131148,200000197,東京都,中野区,船坂歯科医院,フナサカシカイイン,無床診療所,東京都中野区野方3-25-8,,35.718544,139.654312,03-3388-6818,,,,,,,,,,,歯科,0,,
131148,200000198,東京都,中野区,あそう歯科クリニック,アソウシカクリニック,無床診療所,東京都中野区野方4-19-2,高見沢ビル2階,35.719612,139.653946,03-3387-8811,,,,,,,,,,,歯科、矯正歯科、小児歯科、歯科口腔外科,0,,
131148,200000199,東京都,中野区,矢野歯科口腔外科クリニック,ヤノシカコウクウゲカクリニック,無床診療所,東京都中野区野方5-22-6,日進社ビル2階,35.718884,139.652328,03-3223-3133,,,,,,,,,,,歯科,0,,旧名称：矢野歯科医院
131148,200000200,東京都,中野区,なお歯科医院,ナオシカイイン,無床診療所,東京都中野区野方5-24-7,斎藤ビル2階,35.71867,139.652924,03-5327-5156,,,,,,,,,,,歯科、矯正歯科,0,,
131148,200000201,東京都,中野区,友内歯科医院,トモウチシカイイン,無床診療所,東京都中野区野方5-25-4,矢島ビル3階,35.718704,139.653,03-3330-2456,,,,,,,,,,,歯科、小児歯科,0,,
131148,200000202,東京都,中野区,浅香歯科医院,アサカシカイイン,無床診療所,東京都中野区野方5-28-5,,35.719387,139.652802,03-3337-3718,,,,,,,,,,,歯科、小児歯科,0,,
131148,200000203,東京都,中野区,医療法人社団永眞会　いとなが歯科,イリョウホウジンシャダンエイシンカイ　イトナガシカ　,無床診療所,東京都中野区野方5-29-3,,35.718922,139.652588,03-3338-8148,,,,,,,,,,,歯科,0,,
131148,200000204,東京都,中野区,ｓａｒａ歯科クリニック　野方,サラシカクリニック　ノガタ,無床診療所,東京都中野区野方5-30-6,ひろきやビル　101,35.719227,139.651703,03-5356-6690,,,,,,,,,,,歯科、矯正歯科、小児歯科、歯科口腔外科,0,,
131148,200000205,東京都,中野区,医療法人社団真由会　三宅歯科医院,イリョウホウジンシャダンシンユウカイ　ミヤケシカイイン　　,無床診療所,東京都中野区野方5-30-20,野方三宅ビル1階,35.719154,139.652481,03-5373-4618,,,,,,,,,,,歯科、矯正歯科、小児歯科、歯科口腔外科,0,,
131148,200000206,東京都,中野区,むらやま歯科医院,ムラヤマシカイイン,無床診療所,東京都中野区野方5-31-7,,35.719688,139.651703,03-3336-3022,,,,,,,,,,,歯科、矯正歯科、小児歯科、歯科口腔外科,0,,
131148,200000207,東京都,中野区,大久保歯科クリニック,オオクボシカクリニック,無床診療所,東京都中野区野方6-4-1,阿藤ビル2階,35.720238,139.652649,03-3330-4144,,,,,,,,,,,歯科,0,,
131148,200000208,東京都,中野区,野方じゅん歯科クリニック,ノガタジュンシカクリニック,無床診療所,東京都中野区野方6-10-6,,35.721474,139.653366,03-6875-2566,,,,,,,,,,,歯科口腔外科、歯科、矯正歯科、小児歯科,0,,
131148,200000209,東京都,中野区,歯科奥村医院,シカオクムライイン,無床診療所,東京都中野区野方6-12-9,,35.722069,139.652557,03-3338-5418,,,,,,,,,,,歯科,0,,
131148,200000210,東京都,中野区,関根歯科診療所,セキネシカシンリョウジョ,無床診療所,東京都中野区野方6-30-13,,35.721245,139.651031,03-3330-6480,,,,,,,,,,,歯科、矯正歯科、小児歯科、歯科口腔外科,0,,
131148,200000211,東京都,中野区,とうがね歯科・矯正歯科,トウガネシカ　キョウセイシカ,無床診療所,東京都中野区野方6-51-10,エクセル野方1階,35.723511,139.650391,03-3330-1543,,,,,,,,,,,歯科、矯正歯科、小児歯科、歯科口腔外科,0,,
131148,200000212,東京都,中野区,ひまわり歯科クリニック,ヒマワリシカクリニック,無床診療所,東京都中野区大和町1-4-2,,35.709663,139.652954,03-5327-3052,,,,,,,,,,,歯科、矯正歯科、小児歯科、歯科口腔外科,0,,
131148,200000213,東京都,中野区,矢﨑歯科医院,ヤザキシカイイン,無床診療所,東京都中野区大和町1-12-7,,35.712917,139.653473,03-3338-2295,,,,,,,,,,,歯科,0,,
131148,200000214,東京都,中野区,荒牧歯科医院,アラマキシカイイン,無床診療所,東京都中野区大和町1-64-10,,35.709759,139.650192,03-5356-7273,,,,,,,,,,,歯科、歯科口腔外科、小児歯科、矯正歯科,0,,
131148,200000215,東京都,中野区,医療法人社団博成会　川崎歯科クリニック,イリョウホウジンシャダンハクセイカイ　カワサキシカクリニック,無床診療所,東京都中野区大和町1-65-2,,35.709545,139.650681,03-3339-8241,,,,,,,,,,,歯科、矯正歯科、小児歯科、歯科口腔外科,0,,
131148,200000216,東京都,中野区,田上歯科医院,タガミシカイイン,無床診療所,東京都中野区大和町2-13-5,,35.714523,139.652695,03-3338-1076,,,,,,,,,,,歯科,0,,
131148,200000217,東京都,中野区,植田歯科,ウエダシカ,無床診療所,東京都中野区大和町3-1-10,ランドール高円寺101,35.710014,139.649689,03-5327-3000,,,,,,,,,,,歯科、矯正歯科、小児歯科、歯科口腔外科,0,,
131148,200000218,東京都,中野区,吉岡歯科,ヨシオカシカ,無床診療所,東京都中野区大和町3-7-3,マルヤビル1階,35.710228,139.648163,03-3330-6988,,,,,,,,,,,歯科、矯正歯科,0,,
131148,200000219,東京都,中野区,なかむら歯科,ナカムラシカ,無床診療所,東京都中野区大和町4-18-6,,35.713615,139.646118,03-3223-8384,,,,,,,,,,,歯科、小児歯科,0,,
131148,200000220,東京都,中野区,新海歯科医院,シンカイシカイイン,無床診療所,東京都中野区若宮1-50-2,,35.719952,139.64827,03-3338-6019,,,,,,,,,,,歯科,0,,
131148,200000221,東京都,中野区,もみの木歯科,モミノキシカ,無床診療所,東京都中野区若宮2-42-3,マルエツ中野若宮店,35.716961,139.641403,03-3338-7776,,,,,,,,,,,歯科、矯正歯科、小児歯科、歯科口腔外科,0,,
131148,200000222,東京都,中野区,医療法人社団ＷＤＣ　若宮歯科医院,イリョウホウジンシャダンWDC　ワカミヤシカイイン,無床診療所,東京都中野区若宮3-3-11,家政ハイツ1階,35.719662,139.645782,03-5327-4182,,,,,,,,,,,歯科、小児歯科、矯正歯科、歯科口腔外科,0,,
131148,200000224,東京都,中野区,都立家政南口歯科,トリツカセイミナミグチシカ,無床診療所,東京都中野区若宮3-17-6,メゾンドグリシーヌ1階,35.721966,139.644455,03-5356-8088,,,,,,,,,,,歯科、小児歯科、矯正歯科、歯科口腔外科,0,,
131148,200000225,東京都,中野区,わかば歯科クリニック,ワカバシカクリニック,無床診療所,東京都中野区若宮3-36-12,マイプレイス1階,35.72123,139.644684,03-3310-1118,,,,,,,,,,,歯科、矯正歯科、小児歯科、歯科口腔外科,0,,
131148,200000226,東京都,中野区,小木曽歯科医院,オギソシカイイン,無床診療所,東京都中野区白鷺1-23-8,,35.71917,139.636581,03-3338-0690,,,,,,,,,,,歯科,0,,
131148,200000227,東京都,中野区,鷺ノ宮駅南口歯科,サギノミヤエキミナミグチシカ,無床診療所,東京都中野区白鷺1-30-6,深沢ビル1階,35.721558,139.637344,03-3338-4510,,,,,,,,,,,歯科、矯正歯科、小児歯科,0,,
131148,200000228,東京都,中野区,しらさぎ歯科医院,シラサギシカイイン,無床診療所,東京都中野区白鷺2-10-10,,35.718571,139.634491,03-3223-8817,,,,,,,,,,,歯科、小児歯科、歯科口腔外科,0,,
131148,200000229,東京都,中野区,酒井歯科医院,サカイシカイイン,無床診療所,東京都中野区鷺宮1-16-7,,35.722443,139.64505,03-3338-6004,,,,,,,,,,,歯科,0,,
131148,200000230,東京都,中野区,とりつかせい歯科医院,トリツカセイシカイイン,無床診療所,東京都中野区鷺宮1-27-8,プラネットパレス1階,35.72337,139.644028,03-3337-8815,,,,,,,,,,,歯科、小児歯科、歯科口腔外科,0,,
131148,200000231,東京都,中野区,関谷歯科医院,セキヤシカイイン,無床診療所,東京都中野区鷺宮1-30-12,さくらハイツ都立家政1階,35.724697,139.643814,03-5373-8724,,,,,,,,,,,歯科、矯正歯科、小児歯科,0,,
131148,200000232,東京都,中野区,みしな歯科クリニック,ミシナシカクリニック,無床診療所,東京都中野区鷺宮2-3-2,カドヤビル1階,35.724339,139.647171,03-5327-8099,,,,,,,,,,,歯科、矯正歯科、小児歯科、歯科口腔外科,0,,
131148,200000233,東京都,中野区,さぎのみやなんぞういん通り歯科,サギノミヤナンゾウインドオリシカ,無床診療所,東京都中野区鷺宮2-18-8,1階,35.725964,139.647568,03-3337-4618,,,,,,,,,,,歯科;矯正歯科;小児歯科;歯科口腔外科,0,,旧：NO.200000233 医療法人社団貴樂会　さぎのみやファミリー歯科
131148,200000234,東京都,中野区,おだ歯科医院,オダシカイイン,無床診療所,東京都中野区鷺宮3-7-7,鷺宮ビル1階,35.724041,139.643723,03-6383-0218,,,,,,,,,,,歯科口腔外科、小児歯科、矯正歯科、歯科,0,,
131148,200000235,東京都,中野区,医療法人社団ＦＤＯ　こみやま歯科,イリョウホウジンシャダンFDO　コミヤマシカ,無床診療所,東京都中野区鷺宮3-17-5,大勝ビル1階A号室,35.723099,139.639389,03-5373-4182,,,,,,,,,,,歯科、矯正歯科、小児歯科、歯科口腔外科,0,,
131148,200000236,東京都,中野区,鷺ノ宮あぜ歯科クリニック,サギノミヤアゼシカクリニック,無床診療所,東京都中野区鷺宮3-19-5,蒲生ビル2階,35.723129,139.638153,03-3330-0648,,,,,,,,,,,歯科、小児歯科、歯科口腔外科、矯正歯科,0,,
131148,200000237,東京都,中野区,医療法人社団プレブ　熊谷歯科医院,イリョウホウジンシャダンプレブ　クマガイシカイイン,無床診療所,東京都中野区鷺宮3-32-5,,35.724304,139.638214,03-5327-5347,,,,,,,,,,,歯科,0,,
131148,200000238,東京都,中野区,医療法人社団康仁会　協立歯科,イリョウホウジンシャダンコウジンカイ　キョウリツシカ,無床診療所,東京都中野区鷺宮4-2-3,,35.723083,139.637604,03-3339-6483,,,,,,,,,,,歯科、小児歯科、歯科口腔外科,0,,
131148,200000239,東京都,中野区,藤田歯科医院,フジタシカイイン,無床診療所,東京都中野区鷺宮4-3-4,,35.723423,139.637466,03-3223-4141,,,,,,,,,,,歯科口腔外科、小児歯科、歯科,0,,
131148,200000240,東京都,中野区,日野浦歯科医院,ヒノウラシカイイン,無床診療所,東京都中野区鷺宮4-36-10,,35.724873,139.637573,03-3330-5193,,,,,,,,,,,歯科,0,,
131148,200000241,東京都,中野区,シン　デンタル　クリニック,シン　デンタル　クリニック,無床診療所,東京都中野区鷺宮4-37-15,,35.725296,139.638153,03-3223-3718,,,,,,,,,,,歯科、矯正歯科、小児歯科、歯科口腔外科,0,,
131148,200000242,東京都,中野区,つかさ歯科医院,ツカサシカイイン,無床診療所,東京都中野区鷺宮4-44-9,,35.726124,139.638458,03-3339-7733,,,,,,,,,,,歯科,0,,
131148,200000243,東京都,中野区,しみず歯科医院,シミズシカイイン,無床診療所,東京都中野区上鷺宮3-17-10,ライフヴィラ上鷺宮101号,35.735065,139.630569,03-3990-0103,,,,,,,,,,,歯科、矯正歯科、小児歯科、歯科口腔外科,0,,
131148,200000244,東京都,中野区,かみさぎ歯科医院,カミサギシカイイン,無床診療所,東京都中野区上鷺宮4-6-20,,35.733952,139.630005,03-3999-1850,,,,,,,,,,,歯科,0,,
131148,200000245,東京都,中野区,しもしげ歯科医院,シモシゲシカイイン,無床診療所,東京都中野区上鷺宮4-7-11,,35.732395,139.629166,03-3825-6321,,,,,,,,,,,歯科、小児歯科,0,,
131148,200000246,東京都,中野区,やました歯科クリニック富士見台,ヤマシタシカクリニックフジミダイ,無床診療所,東京都中野区上鷺宮4-17-13,,35.734951,139.629562,03-5848-9804,,,,,,,,,,,歯科、矯正歯科、小児歯科、歯科口腔外科,0,,
131148,200000247,東京都,中野区,増喜歯科医院,マスキシカイイン,無床診療所,東京都中野区上鷺宮5-7-5,,35.727352,139.628372,03-3577-1182,,,,,,,,,,,歯科,0,,
131148,200000248,東京都,中野区,タカヒロデンタルオフィス,タカヒロデンタルオフィス,無床診療所,東京都中野区上鷺宮5-8-6,,35.727383,139.626968,03-3926-4182,,,,,,,,,,,歯科、小児歯科、歯科口腔外科,0,,
131148,200000249,東京都,中野区,小林歯科医院,コバヤシシカイイン,無床診療所,東京都中野区上鷺宮5-27-26,,35.73148,139.629578,03-3990-5033,,,,,,,,,,,歯科,0,,
131148,200000250,東京都　,中野区,富士見台さくら歯科,フジミダイサクラシカ,無床診療所,東京都中野区上鷺宮3-10-12,,,,03-5848-9373,,,,,,,,,,,歯科;小児歯科;歯科口腔外科;矯正歯科,0,,
131148,200000251,東京都,中野区,医療法人社団泉樹会ホームクリニックなかの,イリョウホウジンシャダンセンジュカイホームナカノ,無床診療所,東京都中野区鷺宮3-3-6,シュプール1階1A,,,03-3387-2734,,,,,,,,,,,内科;腎臓内科,0,,
131148,200000252,東京都　,中野区,中野ひだまりクリニック,ナカノヒダマリクリニック,無床診療所,東京都中野区東中野3-6-12,,,,03-6908-7330,,,,,,,,,,,内科;消化器内科（胃腸内科）,0,,
131148,200000253,東京都,中野区,はる歯科,ハルシカ,無床診療所,東京都中野区沼袋3-29-7,,,,03-5942-4764,,,,,,,,,,,歯科;小児歯科;歯科口腔外科;矯正歯科,0,,
131148,200000254,東京都　,中野区,中野訪問クリニック,ナカノホウモンクリニック,無床診療所,東京都中野区本町1-31-6,マンション中野坂上203号室,,,03-5304-5080,,,,,,,,,,,内科;精神科;皮膚科;小児科,0,,
131148,200000255,東京都,中野区,東中野矯正歯科,ヒガシナカノキョウセイシカ,無床診療所,東京都中野区東中野3-7-22,,,,03-6279-1817,,,,,,,,,,,矯正歯科,0,,
131148,200000256,東京都　,中野区,ゆりスキンケアクリニック,ユリスキンケアクリニック,無床診療所,東京都中野区本町4-48-17,新中野駅上プラザ607号室,,,03-3381-5688,,,,,,,,,,,美容皮膚科,0,,
131148,200000257,東京都,中野区,アクシア中野デンタルクリニック,アクシアナカノデンタルクリニック,無床診療所,東京都中野区中野3-27-21,アルカディア中野V,,,03-6382-5850,,,,,,,,,,,歯科;矯正歯科;小児歯科;歯科口腔外科,0,,
131148,200000258,東京都　,中野区,中野トータルヘルスケアクリニック,ナカノトータルヘルスケアクリニック,無床診療所,東京都中野区中野5-65-4,和光ビル5F　501号室,,,03-5492-9430,,,,,,,,,,,皮膚科;泌尿器科,0,,
131148,200000259,東京都　,中野区,新江古田いわた眼科,シンエゴタイワタガンカ,無床診療所,東京都中野区江原町2-20-19,NE220　2階,,,03-5906-5820,,,,,,,,,,,眼科;アレルギー;小児科,0,,
131148,200000260,東京都,中野区,上田クリニック,ウエダクリニック,無床診療所,東京都中野区東中野1-23-4,101,,,05-5989-1164,,,,,,,,,,,内科;小児科;心療内科,0,,
131148,200000261,東京都　,中野区,たの眼科クリニック中野分院,タノガンカクリニックナカノブンイン,無床診療所,東京都中野区中野2-30-8,パールスカイ2　2階,,,03-6382-7031,,,,,,,,,,,眼科,0,,
